schema_version,trial_id,method,prediction_mode,prediction_frame,prediction_time_ms,pred_u,pred_v,status,failure_reason,gt_u,gt_v,error_normalized,error_mm,lead_time_ms,valid_for_metrics
1,trial_0000,b0_mean,centerline_crossing,5,166.667,,,failed,baseline_touches_required_for_b0,0.861932,0.655985,,,533.333,0
1,trial_0000,b1_current,centerline_crossing,5,166.667,0.531631,0.630689,ok,,0.861932,0.655985,0.331268,,533.333,1
1,trial_0000,b2_linear,centerline_crossing,5,166.667,0.719532,0.670007,ok,,0.861932,0.655985,0.143089,,533.333,1
1,trial_0000,b0_mean,touch_minus_50ms,19,633.333,,,failed,baseline_touches_required_for_b0,0.861932,0.655985,,,66.667,0
1,trial_0000,b1_current,touch_minus_50ms,19,633.333,0.819759,0.634475,ok,,0.861932,0.655985,0.047342,,66.667,1
1,trial_0000,b2_linear,touch_minus_50ms,19,633.333,0.847163,0.628563,ok,,0.861932,0.655985,0.031146,,66.667,1
1,trial_0000,b0_mean,touch_minus_100ms,18,600.000,,,failed,baseline_touches_required_for_b0,0.861932,0.655985,,,100.000,0
1,trial_0000,b1_current,touch_minus_100ms,18,600.000,0.816040,0.641863,ok,,0.861932,0.655985,0.048016,,100.000,1
1,trial_0000,b2_linear,touch_minus_100ms,18,600.000,0.839358,0.651267,ok,,0.861932,0.655985,0.023062,,100.000,1
1,trial_0000,b0_mean,touch_minus_150ms,16,533.333,,,failed,baseline_touches_required_for_b0,0.861932,0.655985,,,166.667,0
1,trial_0000,b1_current,touch_minus_150ms,16,533.333,0.794479,0.641978,ok,,0.861932,0.655985,0.068892,,166.667,1
1,trial_0000,b2_linear,touch_minus_150ms,16,533.333,0.804072,0.634702,ok,,0.861932,0.655985,0.061650,,166.667,1
1,trial_0000,b0_mean,touch_minus_200ms,15,500.000,,,failed,baseline_touches_required_for_b0,0.861932,0.655985,,,200.000,0
1,trial_0000,b1_current,touch_minus_200ms,15,500.000,0.794132,0.637596,ok,,0.861932,0.655985,0.070250,,200.000,1
1,trial_0000,b2_linear,touch_minus_200ms,15,500.000,0.804346,0.636646,ok,,0.861932,0.655985,0.060747,,200.000,1
1,trial_0001,b0_mean,centerline_crossing,,,,,failed,baseline_touches_required_for_b0,0.890814,0.457459,,,,0
1,trial_0001,b1_current,centerline_crossing,,,,,failed,no_left_to_right_crossing_before_touch,0.890814,0.457459,,,,0
1,trial_0001,b2_linear,centerline_crossing,,,,,failed,no_left_to_right_crossing_before_touch,0.890814,0.457459,,,,0
1,trial_0001,b0_mean,touch_minus_50ms,103,3433.333,,,failed,baseline_touches_required_for_b0,0.890814,0.457459,,,66.667,0
1,trial_0001,b1_current,touch_minus_50ms,103,3433.333,1.107556,0.558295,ok,,0.890814,0.457459,0.239050,,66.667,1
1,trial_0001,b2_linear,touch_minus_50ms,103,3433.333,1.126128,0.572500,ok,,0.890814,0.457459,0.261930,,66.667,1
1,trial_0001,b0_mean,touch_minus_100ms,102,3400.000,,,failed,baseline_touches_required_for_b0,0.890814,0.457459,,,100.000,0
1,trial_0001,b1_current,touch_minus_100ms,102,3400.000,1.107209,0.559715,ok,,0.890814,0.457459,0.239339,,100.000,1
1,trial_0001,b2_linear,touch_minus_100ms,102,3400.000,1.141789,0.581327,ok,,0.890814,0.457459,0.279878,,100.000,1
1,trial_0001,b0_mean,touch_minus_150ms,100,3333.333,,,failed,baseline_touches_required_for_b0,0.890814,0.457459,,,166.667,0
1,trial_0001,b1_current,touch_minus_150ms,100,3333.333,1.092512,0.547263,ok,,0.890814,0.457459,0.220787,,166.667,1
1,trial_0001,b2_linear,touch_minus_150ms,100,3333.333,1.194023,0.605872,ok,,0.890814,0.457459,0.337583,,166.667,1
1,trial_0001,b0_mean,touch_minus_200ms,99,3300.000,,,failed,baseline_touches_required_for_b0,0.890814,0.457459,,,200.000,0
1,trial_0001,b1_current,touch_minus_200ms,99,3300.000,1.071454,0.538005,ok,,0.890814,0.457459,0.197784,,200.000,1
1,trial_0001,b2_linear,touch_minus_200ms,99,3300.000,1.190349,0.603402,ok,,0.890814,0.457459,0.333198,,200.000,1
1,trial_0002,b0_mean,centerline_crossing,137,4566.667,,,failed,baseline_touches_required_for_b0,0.641383,0.130997,,,1100.000,0
1,trial_0002,b1_current,centerline_crossing,137,4566.667,0.561201,0.201255,ok,,0.641383,0.130997,0.106608,,1100.000,1
1,trial_0002,b2_linear,centerline_crossing,137,4566.667,0.863595,0.228525,ok,,0.641383,0.130997,0.242672,,1100.000,1
1,trial_0002,b0_mean,touch_minus_50ms,138,4600.000,,,failed,baseline_touches_required_for_b0,0.641383,0.130997,,,1066.667,0
1,trial_0002,b1_current,touch_minus_50ms,138,4600.000,0.615839,0.215452,ok,,0.641383,0.130997,0.088233,,1066.667,1
1,trial_0002,b2_linear,touch_minus_50ms,138,4600.000,0.898609,0.281049,ok,,0.641383,0.130997,0.297793,,1066.667,1
1,trial_0002,b0_mean,touch_minus_100ms,138,4600.000,,,failed,baseline_touches_required_for_b0,0.641383,0.130997,,,1066.667,0
1,trial_0002,b1_current,touch_minus_100ms,138,4600.000,0.615839,0.215452,ok,,0.641383,0.130997,0.088233,,1066.667,1
1,trial_0002,b2_linear,touch_minus_100ms,138,4600.000,0.898609,0.281049,ok,,0.641383,0.130997,0.297793,,1066.667,1
1,trial_0002,b0_mean,touch_minus_150ms,138,4600.000,,,failed,baseline_touches_required_for_b0,0.641383,0.130997,,,1066.667,0
1,trial_0002,b1_current,touch_minus_150ms,138,4600.000,0.615839,0.215452,ok,,0.641383,0.130997,0.088233,,1066.667,1
1,trial_0002,b2_linear,touch_minus_150ms,138,4600.000,0.898609,0.281049,ok,,0.641383,0.130997,0.297793,,1066.667,1
1,trial_0002,b0_mean,touch_minus_200ms,138,4600.000,,,failed,baseline_touches_required_for_b0,0.641383,0.130997,,,1066.667,0
1,trial_0002,b1_current,touch_minus_200ms,138,4600.000,0.615839,0.215452,ok,,0.641383,0.130997,0.088233,,1066.667,1
1,trial_0002,b2_linear,touch_minus_200ms,138,4600.000,0.898609,0.281049,ok,,0.641383,0.130997,0.297793,,1066.667,1
1,trial_0003,b0_mean,centerline_crossing,198,6600.000,,,failed,baseline_touches_required_for_b0,0.878314,0.901362,,,666.667,0
1,trial_0003,b1_current,centerline_crossing,198,6600.000,0.506415,0.917253,ok,,0.878314,0.901362,0.372238,,666.667,1
1,trial_0003,b2_linear,centerline_crossing,198,6600.000,0.852457,1.171578,ok,,0.878314,0.901362,0.271450,,666.667,1
1,trial_0003,b0_mean,touch_minus_50ms,216,7200.000,,,failed,baseline_touches_required_for_b0,0.878314,0.901362,,,66.667,0
1,trial_0003,b1_current,touch_minus_50ms,216,7200.000,0.963135,1.029480,ok,,0.878314,0.901362,0.153652,,66.667,1
1,trial_0003,b2_linear,touch_minus_50ms,216,7200.000,0.970533,1.022658,ok,,0.878314,0.901362,0.152371,,66.667,1
1,trial_0003,b0_mean,touch_minus_100ms,215,7166.667,,,failed,baseline_touches_required_for_b0,0.878314,0.901362,,,100.000,0
1,trial_0003,b1_current,touch_minus_100ms,215,7166.667,0.953740,1.034356,ok,,0.878314,0.901362,0.152894,,100.000,1
1,trial_0003,b2_linear,touch_minus_100ms,215,7166.667,0.962885,1.029229,ok,,0.878314,0.901362,0.153304,,100.000,1
1,trial_0003,b0_mean,touch_minus_150ms,213,7100.000,,,failed,baseline_touches_required_for_b0,0.878314,0.901362,,,166.667,0
1,trial_0003,b1_current,touch_minus_150ms,213,7100.000,0.952771,1.038358,ok,,0.878314,0.901362,0.155922,,166.667,1
1,trial_0003,b2_linear,touch_minus_150ms,213,7100.000,0.964882,1.033125,ok,,0.878314,0.901362,0.157656,,166.667,1
1,trial_0003,b0_mean,touch_minus_200ms,212,7066.667,,,failed,baseline_touches_required_for_b0,0.878314,0.901362,,,200.000,0
1,trial_0003,b1_current,touch_minus_200ms,212,7066.667,0.943392,1.036681,ok,,0.878314,0.901362,0.150155,,200.000,1
1,trial_0003,b2_linear,touch_minus_200ms,212,7066.667,0.954104,1.028010,ok,,0.878314,0.901362,0.147593,,200.000,1
1,trial_0004,b0_mean,centerline_crossing,,,,,failed,baseline_touches_required_for_b0,0.624242,0.371564,,,,0
1,trial_0004,b1_current,centerline_crossing,,,,,failed,no_left_to_right_crossing_before_touch,0.624242,0.371564,,,,0
1,trial_0004,b2_linear,centerline_crossing,,,,,failed,no_left_to_right_crossing_before_touch,0.624242,0.371564,,,,0
1,trial_0004,b0_mean,touch_minus_50ms,240,8000.000,,,failed,baseline_touches_required_for_b0,0.624242,0.371564,,,666.667,0
1,trial_0004,b1_current,touch_minus_50ms,240,8000.000,0.474003,0.465495,ok,,0.624242,0.371564,0.177186,,666.667,1
1,trial_0004,b2_linear,touch_minus_50ms,240,8000.000,0.630647,0.397221,ok,,0.624242,0.371564,0.026444,,666.667,1
1,trial_0004,b0_mean,touch_minus_100ms,240,8000.000,,,failed,baseline_touches_required_for_b0,0.624242,0.371564,,,666.667,0
1,trial_0004,b1_current,touch_minus_100ms,240,8000.000,0.474003,0.465495,ok,,0.624242,0.371564,0.177186,,666.667,1
1,trial_0004,b2_linear,touch_minus_100ms,240,8000.000,0.630647,0.397221,ok,,0.624242,0.371564,0.026444,,666.667,1
1,trial_0004,b0_mean,touch_minus_150ms,240,8000.000,,,failed,baseline_touches_required_for_b0,0.624242,0.371564,,,666.667,0
1,trial_0004,b1_current,touch_minus_150ms,240,8000.000,0.474003,0.465495,ok,,0.624242,0.371564,0.177186,,666.667,1
1,trial_0004,b2_linear,touch_minus_150ms,240,8000.000,0.630647,0.397221,ok,,0.624242,0.371564,0.026444,,666.667,1
1,trial_0004,b0_mean,touch_minus_200ms,240,8000.000,,,failed,baseline_touches_required_for_b0,0.624242,0.371564,,,666.667,0
1,trial_0004,b1_current,touch_minus_200ms,240,8000.000,0.474003,0.465495,ok,,0.624242,0.371564,0.177186,,666.667,1
1,trial_0004,b2_linear,touch_minus_200ms,240,8000.000,0.630647,0.397221,ok,,0.624242,0.371564,0.026444,,666.667,1
1,trial_0005,b0_mean,centerline_crossing,,,,,failed,baseline_touches_required_for_b0,0.813258,0.304098,,,,0
1,trial_0005,b1_current,centerline_crossing,,,,,failed,no_left_to_right_crossing_before_touch,0.813258,0.304098,,,,0
1,trial_0005,b2_linear,centerline_crossing,,,,,failed,no_left_to_right_crossing_before_touch,0.813258,0.304098,,,,0
1,trial_0005,b0_mean,touch_minus_50ms,289,9633.333,,,failed,baseline_touches_required_for_b0,0.813258,0.304098,,,666.667,0
1,trial_0005,b1_current,touch_minus_50ms,289,9633.333,0.440188,0.358144,ok,,0.813258,0.304098,0.376964,,666.667,1
1,trial_0005,b2_linear,touch_minus_50ms,289,9633.333,0.823470,0.430269,ok,,0.813258,0.304098,0.126584,,666.667,1
1,trial_0005,b0_mean,touch_minus_100ms,289,9633.333,,,failed,baseline_touches_required_for_b0,0.813258,0.304098,,,666.667,0
1,trial_0005,b1_current,touch_minus_100ms,289,9633.333,0.440188,0.358144,ok,,0.813258,0.304098,0.376964,,666.667,1
1,trial_0005,b2_linear,touch_minus_100ms,289,9633.333,0.823470,0.430269,ok,,0.813258,0.304098,0.126584,,666.667,1
1,trial_0005,b0_mean,touch_minus_150ms,289,9633.333,,,failed,baseline_touches_required_for_b0,0.813258,0.304098,,,666.667,0
1,trial_0005,b1_current,touch_minus_150ms,289,9633.333,0.440188,0.358144,ok,,0.813258,0.304098,0.376964,,666.667,1
1,trial_0005,b2_linear,touch_minus_150ms,289,9633.333,0.823470,0.430269,ok,,0.813258,0.304098,0.126584,,666.667,1
1,trial_0005,b0_mean,touch_minus_200ms,289,9633.333,,,failed,baseline_touches_required_for_b0,0.813258,0.304098,,,666.667,0
1,trial_0005,b1_current,touch_minus_200ms,289,9633.333,0.440188,0.358144,ok,,0.813258,0.304098,0.376964,,666.667,1
1,trial_0005,b2_linear,touch_minus_200ms,289,9633.333,0.823470,0.430269,ok,,0.813258,0.304098,0.126584,,666.667,1
1,trial_0006,b0_mean,centerline_crossing,,,,,failed,baseline_touches_required_for_b0,0.779356,0.586019,,,,0
1,trial_0006,b1_current,centerline_crossing,,,,,failed,no_left_to_right_crossing_before_touch,0.779356,0.586019,,,,0
1,trial_0006,b2_linear,centerline_crossing,,,,,failed,no_left_to_right_crossing_before_touch,0.779356,0.586019,,,,0
1,trial_0006,b0_mean,touch_minus_50ms,361,12033.333,,,failed,baseline_touches_required_for_b0,0.779356,0.586019,,,66.667,0
1,trial_0006,b1_current,touch_minus_50ms,361,12033.333,0.922718,0.778883,ok,,0.779356,0.586019,0.240311,,66.667,1
1,trial_0006,b2_linear,touch_minus_50ms,361,12033.333,0.950484,0.787199,ok,,0.779356,0.586019,0.264118,,66.667,1
1,trial_0006,b0_mean,touch_minus_100ms,360,12000.000,,,failed,baseline_touches_required_for_b0,0.779356,0.586019,,,100.000,0
1,trial_0006,b1_current,touch_minus_100ms,360,12000.000,0.919549,0.768110,ok,,0.779356,0.586019,0.229807,,100.000,1
1,trial_0006,b2_linear,touch_minus_100ms,360,12000.000,0.958651,0.780914,ok,,0.779356,0.586019,0.264822,,100.000,1
1,trial_0006,b0_mean,touch_minus_150ms,358,11933.333,,,failed,baseline_touches_required_for_b0,0.779356,0.586019,,,166.667,0
1,trial_0006,b1_current,touch_minus_150ms,358,11933.333,0.895572,0.767260,ok,,0.779356,0.586019,0.215301,,166.667,1
1,trial_0006,b2_linear,touch_minus_150ms,358,11933.333,0.931580,0.764128,ok,,0.779356,0.586019,0.234297,,166.667,1
1,trial_0006,b0_mean,touch_minus_200ms,357,11900.000,,,failed,baseline_touches_required_for_b0,0.779356,0.586019,,,200.000,0
1,trial_0006,b1_current,touch_minus_200ms,357,11900.000,0.889984,0.753704,ok,,0.779356,0.586019,0.200890,,200.000,1
1,trial_0006,b2_linear,touch_minus_200ms,357,11900.000,0.933089,0.739331,ok,,0.779356,0.586019,0.217114,,200.000,1
1,trial_0007,b0_mean,centerline_crossing,,,,,failed,baseline_touches_required_for_b0,0.725947,0.479135,,,,0
1,trial_0007,b1_current,centerline_crossing,,,,,failed,no_left_to_right_crossing_before_touch,0.725947,0.479135,,,,0
1,trial_0007,b2_linear,centerline_crossing,,,,,failed,no_left_to_right_crossing_before_touch,0.725947,0.479135,,,,0
1,trial_0007,b0_mean,touch_minus_50ms,408,13600.000,,,failed,baseline_touches_required_for_b0,0.725947,0.479135,,,66.667,0
1,trial_0007,b1_current,touch_minus_50ms,408,13600.000,0.921143,0.702504,ok,,0.725947,0.479135,0.296640,,66.667,1
1,trial_0007,b2_linear,touch_minus_50ms,408,13600.000,0.928079,0.715247,ok,,0.725947,0.479135,0.310815,,66.667,1
1,trial_0007,b0_mean,touch_minus_100ms,407,13566.667,,,failed,baseline_touches_required_for_b0,0.725947,0.479135,,,100.000,0
1,trial_0007,b1_current,touch_minus_100ms,407,13566.667,0.906990,0.702908,ok,,0.725947,0.479135,0.287838,,100.000,1
1,trial_0007,b2_linear,touch_minus_100ms,407,13566.667,0.914050,0.720785,ok,,0.725947,0.479135,0.306231,,100.000,1
1,trial_0007,b0_mean,touch_minus_150ms,405,13500.000,,,failed,baseline_touches_required_for_b0,0.725947,0.479135,,,166.667,0
1,trial_0007,b1_current,touch_minus_150ms,405,13500.000,0.907499,0.692479,ok,,0.725947,0.479135,0.280137,,166.667,1
1,trial_0007,b2_linear,touch_minus_150ms,405,13500.000,0.990492,0.710738,ok,,0.725947,0.479135,0.351602,,166.667,1
1,trial_0007,b0_mean,touch_minus_200ms,404,13466.667,,,failed,baseline_touches_required_for_b0,0.725947,0.479135,,,200.000,0
1,trial_0007,b1_current,touch_minus_200ms,404,13466.667,0.903649,0.683736,ok,,0.725947,0.479135,0.270997,,200.000,1
1,trial_0007,b2_linear,touch_minus_200ms,404,13466.667,0.999008,0.689722,ok,,0.725947,0.479135,0.344832,,200.000,1
1,trial_0008,b0_mean,centerline_crossing,444,14798.333,,,failed,baseline_touches_required_for_b0,0.838542,0.923663,,,1433.334,0
1,trial_0008,b1_current,centerline_crossing,444,14798.333,0.504535,0.892668,ok,,0.838542,0.923663,0.335442,,1433.334,1
1,trial_0008,b2_linear,centerline_crossing,444,14798.333,0.763744,1.104445,ok,,0.838542,0.923663,0.195645,,1433.334,1
1,trial_0008,b0_mean,touch_minus_50ms,485,16165.000,,,failed,baseline_touches_required_for_b0,0.838542,0.923663,,,66.667,0
1,trial_0008,b1_current,touch_minus_50ms,485,16165.000,0.942814,1.142075,ok,,0.838542,0.923663,0.242026,,66.667,1
1,trial_0008,b2_linear,touch_minus_50ms,485,16165.000,0.951925,1.135096,ok,,0.838542,0.923663,0.239916,,66.667,1
1,trial_0008,b0_mean,touch_minus_100ms,484,16131.667,,,failed,baseline_touches_required_for_b0,0.838542,0.923663,,,100.000,0
1,trial_0008,b1_current,touch_minus_100ms,484,16131.667,0.941278,1.137156,ok,,0.838542,0.923663,0.236926,,100.000,1
1,trial_0008,b2_linear,touch_minus_100ms,484,16131.667,0.946340,1.130771,ok,,0.838542,0.923663,0.233483,,100.000,1
1,trial_0008,b0_mean,touch_minus_150ms,482,16065.000,,,failed,baseline_touches_required_for_b0,0.838542,0.923663,,,166.667,0
1,trial_0008,b1_current,touch_minus_150ms,482,16065.000,0.934503,1.145404,ok,,0.838542,0.923663,0.241615,,166.667,1
1,trial_0008,b2_linear,touch_minus_150ms,482,16065.000,0.954666,1.173459,ok,,0.838542,0.923663,0.275468,,166.667,1
1,trial_0008,b0_mean,touch_minus_200ms,481,16031.667,,,failed,baseline_touches_required_for_b0,0.838542,0.923663,,,200.000,0
1,trial_0008,b1_current,touch_minus_200ms,481,16031.667,0.935564,1.144188,ok,,0.838542,0.923663,0.240924,,200.000,1
1,trial_0008,b2_linear,touch_minus_200ms,481,16031.667,0.952302,1.179537,ok,,0.838542,0.923663,0.280023,,200.000,1
1,trial_0009,b0_mean,centerline_crossing,512,17065.000,,,failed,baseline_touches_required_for_b0,0.757197,0.219515,,,733.333,0
1,trial_0009,b1_current,centerline_crossing,512,17065.000,0.525668,0.445197,ok,,0.757197,0.219515,0.323323,,733.333,1
1,trial_0009,b2_linear,centerline_crossing,512,17065.000,0.759947,0.458355,ok,,0.757197,0.219515,0.238856,,733.333,1
1,trial_0009,b0_mean,touch_minus_50ms,514,17131.667,,,failed,baseline_touches_required_for_b0,0.757197,0.219515,,,666.666,0
1,trial_0009,b1_current,touch_minus_50ms,514,17131.667,0.638873,0.440905,ok,,0.757197,0.219515,0.251026,,666.666,1
1,trial_0009,b2_linear,touch_minus_50ms,514,17131.667,0.848030,0.469678,ok,,0.757197,0.219515,0.266143,,666.666,1
1,trial_0009,b0_mean,touch_minus_100ms,514,17131.667,,,failed,baseline_touches_required_for_b0,0.757197,0.219515,,,666.666,0
1,trial_0009,b1_current,touch_minus_100ms,514,17131.667,0.638873,0.440905,ok,,0.757197,0.219515,0.251026,,666.666,1
1,trial_0009,b2_linear,touch_minus_100ms,514,17131.667,0.848030,0.469678,ok,,0.757197,0.219515,0.266143,,666.666,1
1,trial_0009,b0_mean,touch_minus_150ms,514,17131.667,,,failed,baseline_touches_required_for_b0,0.757197,0.219515,,,666.666,0
1,trial_0009,b1_current,touch_minus_150ms,514,17131.667,0.638873,0.440905,ok,,0.757197,0.219515,0.251026,,666.666,1
1,trial_0009,b2_linear,touch_minus_150ms,514,17131.667,0.848030,0.469678,ok,,0.757197,0.219515,0.266143,,666.666,1
1,trial_0009,b0_mean,touch_minus_200ms,514,17131.667,,,failed,baseline_touches_required_for_b0,0.757197,0.219515,,,666.666,0
1,trial_0009,b1_current,touch_minus_200ms,514,17131.667,0.638873,0.440905,ok,,0.757197,0.219515,0.251026,,666.666,1
1,trial_0009,b2_linear,touch_minus_200ms,514,17131.667,0.848030,0.469678,ok,,0.757197,0.219515,0.266143,,666.666,1
1,trial_0010,b0_mean,centerline_crossing,,,,,failed,baseline_touches_required_for_b0,0.606724,0.362194,,,,0
1,trial_0010,b1_current,centerline_crossing,,,,,failed,no_left_to_right_crossing_before_touch,0.606724,0.362194,,,,0
1,trial_0010,b2_linear,centerline_crossing,,,,,failed,no_left_to_right_crossing_before_touch,0.606724,0.362194,,,,0
1,trial_0010,b0_mean,touch_minus_50ms,585,19498.333,,,failed,baseline_touches_required_for_b0,0.606724,0.362194,,,66.667,0
1,trial_0010,b1_current,touch_minus_50ms,585,19498.333,0.822254,0.637264,ok,,0.606724,0.362194,0.349452,,66.667,1
1,trial_0010,b2_linear,touch_minus_50ms,585,19498.333,0.825285,0.638514,ok,,0.606724,0.362194,0.352309,,66.667,1
1,trial_0010,b0_mean,touch_minus_100ms,584,19465.000,,,failed,baseline_touches_required_for_b0,0.606724,0.362194,,,100.000,0
1,trial_0010,b1_current,touch_minus_100ms,584,19465.000,0.833514,0.640945,ok,,0.606724,0.362194,0.359355,,100.000,1
1,trial_0010,b2_linear,touch_minus_100ms,584,19465.000,0.858955,0.646050,ok,,0.606724,0.362194,0.379730,,100.000,1
1,trial_0010,b0_mean,touch_minus_150ms,582,19398.333,,,failed,baseline_touches_required_for_b0,0.606724,0.362194,,,166.667,0
1,trial_0010,b1_current,touch_minus_150ms,582,19398.333,0.823689,0.638003,ok,,0.606724,0.362194,0.350919,,166.667,1
1,trial_0010,b2_linear,touch_minus_150ms,582,19398.333,0.842944,0.633908,ok,,0.606724,0.362194,0.360039,,166.667,1
1,trial_0010,b0_mean,touch_minus_200ms,581,19365.000,,,failed,baseline_touches_required_for_b0,0.606724,0.362194,,,200.000,0
1,trial_0010,b1_current,touch_minus_200ms,581,19365.000,0.815420,0.636132,ok,,0.606724,0.362194,0.344378,,200.000,1
1,trial_0010,b2_linear,touch_minus_200ms,581,19365.000,0.835560,0.639656,ok,,0.606724,0.362194,0.359654,,200.000,1
1,trial_0011,b0_mean,centerline_crossing,,,,,failed,baseline_touches_required_for_b0,0.696591,0.162669,,,,0
1,trial_0011,b1_current,centerline_crossing,,,,,failed,no_left_to_right_crossing_before_touch,0.696591,0.162669,,,,0
1,trial_0011,b2_linear,centerline_crossing,,,,,failed,no_left_to_right_crossing_before_touch,0.696591,0.162669,,,,0
1,trial_0011,b0_mean,touch_minus_50ms,630,20998.333,,,failed,baseline_touches_required_for_b0,0.696591,0.162669,,,66.667,0
1,trial_0011,b1_current,touch_minus_50ms,630,20998.333,0.981623,0.461873,ok,,0.696591,0.162669,0.413239,,66.667,1
1,trial_0011,b2_linear,touch_minus_50ms,630,20998.333,1.024174,0.470506,ok,,0.696591,0.162669,0.449527,,66.667,1
1,trial_0011,b0_mean,touch_minus_100ms,629,20965.000,,,failed,baseline_touches_required_for_b0,0.696591,0.162669,,,100.000,0
1,trial_0011,b1_current,touch_minus_100ms,629,20965.000,0.973982,0.458863,ok,,0.696591,0.162669,0.405804,,100.000,1
1,trial_0011,b2_linear,touch_minus_100ms,629,20965.000,1.023053,0.464083,ok,,0.696591,0.162669,0.444329,,100.000,1
1,trial_0011,b0_mean,touch_minus_150ms,627,20898.333,,,failed,baseline_touches_required_for_b0,0.696591,0.162669,,,166.667,0
1,trial_0011,b1_current,touch_minus_150ms,627,20898.333,0.941972,0.453098,ok,,0.696591,0.162669,0.380212,,166.667,1
1,trial_0011,b2_linear,touch_minus_150ms,627,20898.333,0.966068,0.453053,ok,,0.696591,0.162669,0.396157,,166.667,1
1,trial_0011,b0_mean,touch_minus_200ms,626,20865.000,,,failed,baseline_touches_required_for_b0,0.696591,0.162669,,,200.000,0
1,trial_0011,b1_current,touch_minus_200ms,626,20865.000,0.926426,0.453621,ok,,0.696591,0.162669,0.370779,,200.000,1
1,trial_0011,b2_linear,touch_minus_200ms,626,20865.000,0.965690,0.462868,ok,,0.696591,0.162669,0.403155,,200.000,1
1,trial_0012,b0_mean,centerline_crossing,,,,,failed,baseline_touches_required_for_b0,0.632765,0.129810,,,,0
1,trial_0012,b1_current,centerline_crossing,,,,,failed,no_left_to_right_crossing_before_touch,0.632765,0.129810,,,,0
1,trial_0012,b2_linear,centerline_crossing,,,,,failed,no_left_to_right_crossing_before_touch,0.632765,0.129810,,,,0
1,trial_0012,b0_mean,touch_minus_50ms,658,21931.667,,,failed,baseline_touches_required_for_b0,0.632765,0.129810,,,766.666,0
1,trial_0012,b1_current,touch_minus_50ms,658,21931.667,0.400315,0.341286,ok,,0.632765,0.129810,0.314253,,766.666,1
1,trial_0012,b2_linear,touch_minus_50ms,658,21931.667,0.579260,0.380255,ok,,0.632765,0.129810,0.256097,,766.666,1
1,trial_0012,b0_mean,touch_minus_100ms,658,21931.667,,,failed,baseline_touches_required_for_b0,0.632765,0.129810,,,766.666,0
1,trial_0012,b1_current,touch_minus_100ms,658,21931.667,0.400315,0.341286,ok,,0.632765,0.129810,0.314253,,766.666,1
1,trial_0012,b2_linear,touch_minus_100ms,658,21931.667,0.579260,0.380255,ok,,0.632765,0.129810,0.256097,,766.666,1
1,trial_0012,b0_mean,touch_minus_150ms,658,21931.667,,,failed,baseline_touches_required_for_b0,0.632765,0.129810,,,766.666,0
1,trial_0012,b1_current,touch_minus_150ms,658,21931.667,0.400315,0.341286,ok,,0.632765,0.129810,0.314253,,766.666,1
1,trial_0012,b2_linear,touch_minus_150ms,658,21931.667,0.579260,0.380255,ok,,0.632765,0.129810,0.256097,,766.666,1
1,trial_0012,b0_mean,touch_minus_200ms,658,21931.667,,,failed,baseline_touches_required_for_b0,0.632765,0.129810,,,766.666,0
1,trial_0012,b1_current,touch_minus_200ms,658,21931.667,0.400315,0.341286,ok,,0.632765,0.129810,0.314253,,766.666,1
1,trial_0012,b2_linear,touch_minus_200ms,658,21931.667,0.579260,0.380255,ok,,0.632765,0.129810,0.256097,,766.666,1
1,trial_0013,b0_mean,centerline_crossing,715,23831.667,,,failed,baseline_touches_required_for_b0,0.608049,0.729010,,,433.333,0
1,trial_0013,b1_current,centerline_crossing,715,23831.667,0.516534,0.926836,ok,,0.608049,0.729010,0.217968,,433.333,1
1,trial_0013,b2_linear,centerline_crossing,715,23831.667,0.772729,1.145917,ok,,0.608049,0.729010,0.448253,,433.333,1
1,trial_0013,b0_mean,touch_minus_50ms,726,24198.333,,,failed,baseline_touches_required_for_b0,0.608049,0.729010,,,66.667,0
1,trial_0013,b1_current,touch_minus_50ms,726,24198.333,0.779154,0.962439,ok,,0.608049,0.729010,0.289424,,66.667,1
1,trial_0013,b2_linear,touch_minus_50ms,726,24198.333,0.799300,0.967563,ok,,0.608049,0.729010,0.305752,,66.667,1
1,trial_0013,b0_mean,touch_minus_100ms,725,24165.000,,,failed,baseline_touches_required_for_b0,0.608049,0.729010,,,100.000,0
1,trial_0013,b1_current,touch_minus_100ms,725,24165.000,0.768391,0.966332,ok,,0.608049,0.729010,0.286411,,100.000,1
1,trial_0013,b2_linear,touch_minus_100ms,725,24165.000,0.783935,0.974179,ok,,0.608049,0.729010,0.301735,,100.000,1
1,trial_0013,b0_mean,touch_minus_150ms,723,24098.333,,,failed,baseline_touches_required_for_b0,0.608049,0.729010,,,166.667,0
1,trial_0013,b1_current,touch_minus_150ms,723,24098.333,0.757118,0.959618,ok,,0.608049,0.729010,0.274594,,166.667,1
1,trial_0013,b2_linear,touch_minus_150ms,723,24098.333,0.801837,0.966848,ok,,0.608049,0.729010,0.306791,,166.667,1
1,trial_0013,b0_mean,touch_minus_200ms,722,24065.000,,,failed,baseline_touches_required_for_b0,0.608049,0.729010,,,200.000,0
1,trial_0013,b1_current,touch_minus_200ms,722,24065.000,0.752213,0.960182,ok,,0.608049,0.729010,0.272440,,200.000,1
1,trial_0013,b2_linear,touch_minus_200ms,722,24065.000,0.799110,0.971441,ok,,0.608049,0.729010,0.308670,,200.000,1
1,trial_0014,b0_mean,centerline_crossing,759,25298.333,,,failed,baseline_touches_required_for_b0,0.656629,0.912481,,,466.667,0
1,trial_0014,b1_current,centerline_crossing,759,25298.333,0.533572,0.992573,ok,,0.656629,0.912481,0.146826,,466.667,1
1,trial_0014,b2_linear,centerline_crossing,759,25298.333,0.958255,1.320603,ok,,0.656629,0.912481,0.507486,,466.667,1
1,trial_0014,b0_mean,touch_minus_50ms,771,25698.333,,,failed,baseline_touches_required_for_b0,0.656629,0.912481,,,66.667,0
1,trial_0014,b1_current,touch_minus_50ms,771,25698.333,0.805836,1.141844,ok,,0.656629,0.912481,0.273624,,66.667,1
1,trial_0014,b2_linear,touch_minus_50ms,771,25698.333,0.843414,1.139081,ok,,0.656629,0.912481,0.293660,,66.667,1
1,trial_0014,b0_mean,touch_minus_100ms,770,25665.000,,,failed,baseline_touches_required_for_b0,0.656629,0.912481,,,100.000,0
1,trial_0014,b1_current,touch_minus_100ms,770,25665.000,0.795365,1.148986,ok,,0.656629,0.912481,0.274194,,100.000,1
1,trial_0014,b2_linear,touch_minus_100ms,770,25665.000,0.831303,1.150824,ok,,0.656629,0.912481,0.295497,,100.000,1
1,trial_0014,b0_mean,touch_minus_150ms,768,25598.333,,,failed,baseline_touches_required_for_b0,0.656629,0.912481,,,166.667,0
1,trial_0014,b1_current,touch_minus_150ms,768,25598.333,0.769167,1.147739,ok,,0.656629,0.912481,0.260789,,166.667,1
1,trial_0014,b2_linear,touch_minus_150ms,768,25598.333,0.795599,1.150097,ok,,0.656629,0.912481,0.275271,,166.667,1
1,trial_0014,b0_mean,touch_minus_200ms,767,25565.000,,,failed,baseline_touches_required_for_b0,0.656629,0.912481,,,200.000,0
1,trial_0014,b1_current,touch_minus_200ms,767,25565.000,0.759574,1.147062,ok,,0.656629,0.912481,0.256176,,200.000,1
1,trial_0014,b2_linear,touch_minus_200ms,767,25565.000,0.786204,1.162867,ok,,0.656629,0.912481,0.281927,,200.000,1
1,trial_0015,b0_mean,centerline_crossing,791,26365.000,,,failed,baseline_touches_required_for_b0,0.904924,0.707709,,,866.667,0
1,trial_0015,b1_current,centerline_crossing,791,26365.000,0.561281,0.896752,ok,,0.904924,0.707709,0.392209,,866.667,1
1,trial_0015,b2_linear,centerline_crossing,791,26365.000,0.804401,1.016668,ok,,0.904924,0.707709,0.324901,,866.667,1
1,trial_0015,b0_mean,touch_minus_50ms,815,27165.000,,,failed,baseline_touches_required_for_b0,0.904924,0.707709,,,66.667,0
1,trial_0015,b1_current,touch_minus_50ms,815,27165.000,1.041185,0.978680,ok,,0.904924,0.707709,0.303302,,66.667,1
1,trial_0015,b2_linear,touch_minus_50ms,815,27165.000,1.057390,0.983501,ok,,0.904924,0.707709,0.315130,,66.667,1
1,trial_0015,b0_mean,touch_minus_100ms,814,27131.667,,,failed,baseline_touches_required_for_b0,0.904924,0.707709,,,100.000,0
1,trial_0015,b1_current,touch_minus_100ms,814,27131.667,1.038755,0.967975,ok,,0.904924,0.707709,0.292659,,100.000,1
1,trial_0015,b2_linear,touch_minus_100ms,814,27131.667,1.059080,0.969828,ok,,0.904924,0.707709,0.304090,,100.000,1
1,trial_0015,b0_mean,touch_minus_150ms,812,27065.000,,,failed,baseline_touches_required_for_b0,0.904924,0.707709,,,166.667,0
1,trial_0015,b1_current,touch_minus_150ms,812,27065.000,1.026208,0.970015,ok,,0.904924,0.707709,0.288988,,166.667,1
1,trial_0015,b2_linear,touch_minus_150ms,812,27065.000,1.036689,0.983819,ok,,0.904924,0.707709,0.305939,,166.667,1
1,trial_0015,b0_mean,touch_minus_200ms,811,27031.667,,,failed,baseline_touches_required_for_b0,0.904924,0.707709,,,200.000,0
1,trial_0015,b1_current,touch_minus_200ms,811,27031.667,1.019552,0.963878,ok,,0.904924,0.707709,0.280646,,200.000,1
1,trial_0015,b2_linear,touch_minus_200ms,811,27031.667,1.022574,0.973721,ok,,0.904924,0.707709,0.290868,,200.000,1
1,trial_0016,b0_mean,centerline_crossing,839,27965.000,,,failed,baseline_touches_required_for_b0,0.592235,0.677286,,,600.000,0
1,trial_0016,b1_current,centerline_crossing,839,27965.000,0.514530,0.844443,ok,,0.592235,0.677286,0.184335,,600.000,1
1,trial_0016,b2_linear,centerline_crossing,839,27965.000,0.538185,0.854060,ok,,0.592235,0.677286,0.184853,,600.000,1
1,trial_0016,b0_mean,touch_minus_50ms,855,28498.333,,,failed,baseline_touches_required_for_b0,0.592235,0.677286,,,66.667,0
1,trial_0016,b1_current,touch_minus_50ms,855,28498.333,0.791595,0.934936,ok,,0.592235,0.677286,0.325773,,66.667,1
1,trial_0016,b2_linear,touch_minus_50ms,855,28498.333,0.813878,0.942506,ok,,0.592235,0.677286,0.345640,,66.667,1
1,trial_0016,b0_mean,touch_minus_100ms,854,28465.000,,,failed,baseline_touches_required_for_b0,0.592235,0.677286,,,100.000,0
1,trial_0016,b1_current,touch_minus_100ms,854,28465.000,0.779880,0.929780,ok,,0.592235,0.677286,0.314585,,100.000,1
1,trial_0016,b2_linear,touch_minus_100ms,854,28465.000,0.796609,0.932559,ok,,0.592235,0.677286,0.327006,,100.000,1
1,trial_0016,b0_mean,touch_minus_150ms,852,28398.333,,,failed,baseline_touches_required_for_b0,0.592235,0.677286,,,166.667,0
1,trial_0016,b1_current,touch_minus_150ms,852,28398.333,0.768544,0.925074,ok,,0.592235,0.677286,0.304111,,166.667,1
1,trial_0016,b2_linear,touch_minus_150ms,852,28398.333,0.815531,0.908546,ok,,0.592235,0.677286,0.321469,,166.667,1
1,trial_0016,b0_mean,touch_minus_200ms,851,28365.000,,,failed,baseline_touches_required_for_b0,0.592235,0.677286,,,200.000,0
1,trial_0016,b1_current,touch_minus_200ms,851,28365.000,0.757872,0.930336,ok,,0.592235,0.677286,0.302440,,200.000,1
1,trial_0016,b2_linear,touch_minus_200ms,851,28365.000,0.821645,0.912115,ok,,0.592235,0.677286,0.328289,,200.000,1
1,trial_0017,b0_mean,centerline_crossing,881,29365.000,,,failed,baseline_touches_required_for_b0,0.709943,0.156609,,,833.333,0
1,trial_0017,b1_current,centerline_crossing,881,29365.000,0.500996,0.431397,ok,,0.709943,0.156609,0.345206,,833.333,1
1,trial_0017,b2_linear,centerline_crossing,881,29365.000,0.714300,0.384442,ok,,0.709943,0.156609,0.227875,,833.333,1
1,trial_0017,b0_mean,touch_minus_50ms,904,30131.667,,,failed,baseline_touches_required_for_b0,0.709943,0.156609,,,66.666,0
1,trial_0017,b1_current,touch_minus_50ms,904,30131.667,0.949466,0.497984,ok,,0.709943,0.156609,0.417023,,66.666,1
1,trial_0017,b2_linear,touch_minus_50ms,904,30131.667,0.981590,0.504150,ok,,0.709943,0.156609,0.441109,,66.666,1
1,trial_0017,b0_mean,touch_minus_100ms,903,30098.333,,,failed,baseline_touches_required_for_b0,0.709943,0.156609,,,100.000,0
1,trial_0017,b1_current,touch_minus_100ms,903,30098.333,0.949253,0.496142,ok,,0.709943,0.156609,0.415394,,100.000,1
1,trial_0017,b2_linear,touch_minus_100ms,903,30098.333,0.975730,0.502472,ok,,0.709943,0.156609,0.436193,,100.000,1
1,trial_0017,b0_mean,touch_minus_150ms,901,30031.667,,,failed,baseline_touches_required_for_b0,0.709943,0.156609,,,166.666,0
1,trial_0017,b1_current,touch_minus_150ms,901,30031.667,0.923487,0.492249,ok,,0.709943,0.156609,0.397813,,166.666,1
1,trial_0017,b2_linear,touch_minus_150ms,901,30031.667,0.918990,0.509414,ok,,0.709943,0.156609,0.410088,,166.666,1
1,trial_0017,b0_mean,touch_minus_200ms,900,29998.333,,,failed,baseline_touches_required_for_b0,0.709943,0.156609,,,200.000,0
1,trial_0017,b1_current,touch_minus_200ms,900,29998.333,0.918241,0.488619,ok,,0.709943,0.156609,0.391942,,200.000,1
1,trial_0017,b2_linear,touch_minus_200ms,900,29998.333,,,failed,insufficient_history,0.709943,0.156609,,,200.000,0
1,trial_0018,b0_mean,centerline_crossing,,,,,failed,baseline_touches_required_for_b0,0.735890,0.596452,,,,0
1,trial_0018,b1_current,centerline_crossing,,,,,failed,no_left_to_right_crossing_before_touch,0.735890,0.596452,,,,0
1,trial_0018,b2_linear,centerline_crossing,,,,,failed,no_left_to_right_crossing_before_touch,0.735890,0.596452,,,,0
1,trial_0018,b0_mean,touch_minus_50ms,,,,,failed,baseline_touches_required_for_b0,0.735890,0.596452,,,,0
1,trial_0018,b1_current,touch_minus_50ms,,,,,failed,no_valid_frame_at_cutoff,0.735890,0.596452,,,,0
1,trial_0018,b2_linear,touch_minus_50ms,,,,,failed,no_valid_frame_at_cutoff,0.735890,0.596452,,,,0
1,trial_0018,b0_mean,touch_minus_100ms,,,,,failed,baseline_touches_required_for_b0,0.735890,0.596452,,,,0
1,trial_0018,b1_current,touch_minus_100ms,,,,,failed,no_valid_frame_at_cutoff,0.735890,0.596452,,,,0
1,trial_0018,b2_linear,touch_minus_100ms,,,,,failed,no_valid_frame_at_cutoff,0.735890,0.596452,,,,0
1,trial_0018,b0_mean,touch_minus_150ms,,,,,failed,baseline_touches_required_for_b0,0.735890,0.596452,,,,0
1,trial_0018,b1_current,touch_minus_150ms,,,,,failed,no_valid_frame_at_cutoff,0.735890,0.596452,,,,0
1,trial_0018,b2_linear,touch_minus_150ms,,,,,failed,no_valid_frame_at_cutoff,0.735890,0.596452,,,,0
1,trial_0018,b0_mean,touch_minus_200ms,,,,,failed,baseline_touches_required_for_b0,0.735890,0.596452,,,,0
1,trial_0018,b1_current,touch_minus_200ms,,,,,failed,no_valid_frame_at_cutoff,0.735890,0.596452,,,,0
1,trial_0018,b2_linear,touch_minus_200ms,,,,,failed,no_valid_frame_at_cutoff,0.735890,0.596452,,,,0
1,trial_0019,b0_mean,centerline_crossing,,,,,failed,baseline_touches_required_for_b0,0.814867,0.364943,,,,0
1,trial_0019,b1_current,centerline_crossing,,,,,failed,no_left_to_right_crossing_before_touch,0.814867,0.364943,,,,0
1,trial_0019,b2_linear,centerline_crossing,,,,,failed,no_left_to_right_crossing_before_touch,0.814867,0.364943,,,,0
1,trial_0019,b0_mean,touch_minus_50ms,1023,34098.333,,,failed,baseline_touches_required_for_b0,0.814867,0.364943,,,366.667,0
1,trial_0019,b1_current,touch_minus_50ms,1023,34098.333,1.005826,0.681888,ok,,0.814867,0.364943,0.370026,,366.667,1
1,trial_0019,b2_linear,touch_minus_50ms,1023,34098.333,1.020021,0.693597,ok,,0.814867,0.364943,0.387429,,366.667,1
1,trial_0019,b0_mean,touch_minus_100ms,1023,34098.333,,,failed,baseline_touches_required_for_b0,0.814867,0.364943,,,366.667,0
1,trial_0019,b1_current,touch_minus_100ms,1023,34098.333,1.005826,0.681888,ok,,0.814867,0.364943,0.370026,,366.667,1
1,trial_0019,b2_linear,touch_minus_100ms,1023,34098.333,1.020021,0.693597,ok,,0.814867,0.364943,0.387429,,366.667,1
1,trial_0019,b0_mean,touch_minus_150ms,1023,34098.333,,,failed,baseline_touches_required_for_b0,0.814867,0.364943,,,366.667,0
1,trial_0019,b1_current,touch_minus_150ms,1023,34098.333,1.005826,0.681888,ok,,0.814867,0.364943,0.370026,,366.667,1
1,trial_0019,b2_linear,touch_minus_150ms,1023,34098.333,1.020021,0.693597,ok,,0.814867,0.364943,0.387429,,366.667,1
1,trial_0019,b0_mean,touch_minus_200ms,1023,34098.333,,,failed,baseline_touches_required_for_b0,0.814867,0.364943,,,366.667,0
1,trial_0019,b1_current,touch_minus_200ms,1023,34098.333,1.005826,0.681888,ok,,0.814867,0.364943,0.370026,,366.667,1
1,trial_0019,b2_linear,touch_minus_200ms,1023,34098.333,1.020021,0.693597,ok,,0.814867,0.364943,0.387429,,366.667,1
1,trial_0020,b0_mean,centerline_crossing,,,,,failed,baseline_touches_required_for_b0,0.891193,0.428161,,,,0
1,trial_0020,b1_current,centerline_crossing,,,,,failed,no_left_to_right_crossing_before_touch,0.891193,0.428161,,,,0
1,trial_0020,b2_linear,centerline_crossing,,,,,failed,no_left_to_right_crossing_before_touch,0.891193,0.428161,,,,0
1,trial_0020,b0_mean,touch_minus_50ms,,,,,failed,baseline_touches_required_for_b0,0.891193,0.428161,,,,0
1,trial_0020,b1_current,touch_minus_50ms,,,,,failed,no_valid_frame_at_cutoff,0.891193,0.428161,,,,0
1,trial_0020,b2_linear,touch_minus_50ms,,,,,failed,no_valid_frame_at_cutoff,0.891193,0.428161,,,,0
1,trial_0020,b0_mean,touch_minus_100ms,,,,,failed,baseline_touches_required_for_b0,0.891193,0.428161,,,,0
1,trial_0020,b1_current,touch_minus_100ms,,,,,failed,no_valid_frame_at_cutoff,0.891193,0.428161,,,,0
1,trial_0020,b2_linear,touch_minus_100ms,,,,,failed,no_valid_frame_at_cutoff,0.891193,0.428161,,,,0
1,trial_0020,b0_mean,touch_minus_150ms,,,,,failed,baseline_touches_required_for_b0,0.891193,0.428161,,,,0
1,trial_0020,b1_current,touch_minus_150ms,,,,,failed,no_valid_frame_at_cutoff,0.891193,0.428161,,,,0
1,trial_0020,b2_linear,touch_minus_150ms,,,,,failed,no_valid_frame_at_cutoff,0.891193,0.428161,,,,0
1,trial_0020,b0_mean,touch_minus_200ms,,,,,failed,baseline_touches_required_for_b0,0.891193,0.428161,,,,0
1,trial_0020,b1_current,touch_minus_200ms,,,,,failed,no_valid_frame_at_cutoff,0.891193,0.428161,,,,0
1,trial_0020,b2_linear,touch_minus_200ms,,,,,failed,no_valid_frame_at_cutoff,0.891193,0.428161,,,,0
1,trial_0021,b0_mean,centerline_crossing,1136,37865.000,,,failed,baseline_touches_required_for_b0,0.651042,0.665230,,,533.333,0
1,trial_0021,b1_current,centerline_crossing,1136,37865.000,0.566079,0.926750,ok,,0.651042,0.665230,0.274975,,533.333,1
1,trial_0021,b2_linear,centerline_crossing,1136,37865.000,0.791715,1.067644,ok,,0.651042,0.665230,0.426293,,533.333,1
1,trial_0021,b0_mean,touch_minus_50ms,1150,38331.667,,,failed,baseline_touches_required_for_b0,0.651042,0.665230,,,66.666,0
1,trial_0021,b1_current,touch_minus_50ms,1150,38331.667,0.836561,0.989094,ok,,0.651042,0.665230,0.373236,,66.666,1
1,trial_0021,b2_linear,touch_minus_50ms,1150,38331.667,0.852088,0.995014,ok,,0.651042,0.665230,0.386234,,66.666,1
1,trial_0021,b0_mean,touch_minus_100ms,1149,38298.333,,,failed,baseline_touches_required_for_b0,0.651042,0.665230,,,100.000,0
1,trial_0021,b1_current,touch_minus_100ms,1149,38298.333,0.825657,0.991176,ok,,0.651042,0.665230,0.369772,,100.000,1
1,trial_0021,b2_linear,touch_minus_100ms,1149,38298.333,0.848211,0.996812,ok,,0.651042,0.665230,0.385775,,100.000,1
1,trial_0021,b0_mean,touch_minus_150ms,1147,38231.667,,,failed,baseline_touches_required_for_b0,0.651042,0.665230,,,166.666,0
1,trial_0021,b1_current,touch_minus_150ms,1147,38231.667,0.817014,0.985498,ok,,0.651042,0.665230,0.360719,,166.666,1
1,trial_0021,b2_linear,touch_minus_150ms,1147,38231.667,0.845602,0.985837,ok,,0.651042,0.665230,0.375023,,166.666,1
1,trial_0021,b0_mean,touch_minus_200ms,1146,38198.333,,,failed,baseline_touches_required_for_b0,0.651042,0.665230,,,200.000,0
1,trial_0021,b1_current,touch_minus_200ms,1146,38198.333,0.808389,0.984147,ok,,0.651042,0.665230,0.355621,,200.000,1
1,trial_0021,b2_linear,touch_minus_200ms,1146,38198.333,0.843657,0.966660,ok,,0.651042,0.665230,0.357716,,200.000,1
1,trial_0022,b0_mean,centerline_crossing,,,,,failed,baseline_touches_required_for_b0,0.714678,0.395052,,,,0
1,trial_0022,b1_current,centerline_crossing,,,,,failed,no_left_to_right_crossing_before_touch,0.714678,0.395052,,,,0
1,trial_0022,b2_linear,centerline_crossing,,,,,failed,no_left_to_right_crossing_before_touch,0.714678,0.395052,,,,0
1,trial_0022,b0_mean,touch_minus_50ms,1199,39965.000,,,failed,baseline_touches_required_for_b0,0.714678,0.395052,,,66.667,0
1,trial_0022,b1_current,touch_minus_50ms,1199,39965.000,0.965813,0.762140,ok,,0.714678,0.395052,0.444772,,66.667,1
1,trial_0022,b2_linear,touch_minus_50ms,1199,39965.000,0.989997,0.769782,ok,,0.714678,0.395052,0.464998,,66.667,1
1,trial_0022,b0_mean,touch_minus_100ms,1198,39931.667,,,failed,baseline_touches_required_for_b0,0.714678,0.395052,,,100.000,0
1,trial_0022,b1_current,touch_minus_100ms,1198,39931.667,0.965682,0.758834,ok,,0.714678,0.395052,0.441973,,100.000,1
1,trial_0022,b2_linear,touch_minus_100ms,1198,39931.667,0.998895,0.757737,ok,,0.714678,0.395052,0.460782,,100.000,1
1,trial_0022,b0_mean,touch_minus_150ms,1196,39865.000,,,failed,baseline_touches_required_for_b0,0.714678,0.395052,,,166.667,0
1,trial_0022,b1_current,touch_minus_150ms,1196,39865.000,0.944607,0.754652,ok,,0.714678,0.395052,0.426825,,166.667,1
1,trial_0022,b2_linear,touch_minus_150ms,1196,39865.000,0.951660,0.748953,ok,,0.714678,0.395052,0.425918,,166.667,1
1,trial_0022,b0_mean,touch_minus_200ms,1195,39831.667,,,failed,baseline_touches_required_for_b0,0.714678,0.395052,,,200.000,0
1,trial_0022,b1_current,touch_minus_200ms,1195,39831.667,0.936383,0.757225,ok,,0.714678,0.395052,0.424644,,200.000,1
1,trial_0022,b2_linear,touch_minus_200ms,1195,39831.667,0.960314,0.759525,ok,,0.714678,0.395052,0.439520,,200.000,1
1,trial_0023,b0_mean,centerline_crossing,1237,41231.667,,,failed,baseline_touches_required_for_b0,0.712216,0.687156,,,431.666,0
1,trial_0023,b1_current,centerline_crossing,1237,41231.667,0.593509,0.943397,ok,,0.712216,0.687156,0.282402,,431.666,1
1,trial_0023,b2_linear,centerline_crossing,1237,41231.667,1.054224,1.205333,ok,,0.712216,0.687156,0.620868,,431.666,1
1,trial_0023,b0_mean,touch_minus_50ms,1248,41598.333,,,failed,baseline_touches_required_for_b0,0.712216,0.687156,,,65.000,0
1,trial_0023,b1_current,touch_minus_50ms,1248,41598.333,0.880057,1.030459,ok,,0.712216,0.687156,0.382136,,65.000,1
1,trial_0023,b2_linear,touch_minus_50ms,1248,41598.333,0.899934,1.042606,ok,,0.712216,0.687156,0.401974,,65.000,1
1,trial_0023,b0_mean,touch_minus_100ms,1247,41563.333,,,failed,baseline_touches_required_for_b0,0.712216,0.687156,,,100.000,0
1,trial_0023,b1_current,touch_minus_100ms,1247,41563.333,0.881794,1.032065,ok,,0.712216,0.687156,0.384342,,100.000,1
1,trial_0023,b2_linear,touch_minus_100ms,1247,41563.333,0.898778,1.049869,ok,,0.712216,0.687156,0.407880,,100.000,1
1,trial_0023,b0_mean,touch_minus_150ms,1245,41496.667,,,failed,baseline_touches_required_for_b0,0.712216,0.687156,,,166.666,0
1,trial_0023,b1_current,touch_minus_150ms,1245,41496.667,0.867753,1.018412,ok,,0.712216,0.687156,0.365954,,166.666,1
1,trial_0023,b2_linear,touch_minus_150ms,1245,41496.667,0.891276,1.033098,ok,,0.712216,0.687156,0.389536,,166.666,1
1,trial_0023,b0_mean,touch_minus_200ms,1243,41430.000,,,failed,baseline_touches_required_for_b0,0.712216,0.687156,,,233.333,0
1,trial_0023,b1_current,touch_minus_200ms,1243,41430.000,0.850478,1.005460,ok,,0.712216,0.687156,0.347036,,233.333,1
1,trial_0023,b2_linear,touch_minus_200ms,1243,41430.000,0.904748,1.020458,ok,,0.712216,0.687156,0.384914,,233.333,1
1,trial_0024,b0_mean,centerline_crossing,1285,42830.000,,,failed,baseline_touches_required_for_b0,0.694697,0.638618,,,366.667,0
1,trial_0024,b1_current,centerline_crossing,1285,42830.000,0.512471,0.852706,ok,,0.694697,0.638618,0.281141,,366.667,1
1,trial_0024,b2_linear,centerline_crossing,1285,42830.000,0.906932,1.037385,ok,,0.694697,0.638618,0.451729,,366.667,1
1,trial_0024,b0_mean,touch_minus_50ms,1294,43130.000,,,failed,baseline_touches_required_for_b0,0.694697,0.638618,,,66.667,0
1,trial_0024,b1_current,touch_minus_50ms,1294,43130.000,0.895846,0.993350,ok,,0.694697,0.638618,0.407794,,66.667,1
1,trial_0024,b2_linear,touch_minus_50ms,1294,43130.000,0.934207,1.007255,ok,,0.694697,0.638618,0.439612,,66.667,1
1,trial_0024,b0_mean,touch_minus_100ms,1293,43096.667,,,failed,baseline_touches_required_for_b0,0.694697,0.638618,,,100.000,0
1,trial_0024,b1_current,touch_minus_100ms,1293,43096.667,0.888309,0.989601,ok,,0.694697,0.638618,0.400842,,100.000,1
1,trial_0024,b2_linear,touch_minus_100ms,1293,43096.667,0.925866,1.003496,ok,,0.694697,0.638618,0.431943,,100.000,1
1,trial_0024,b0_mean,touch_minus_150ms,1291,43030.000,,,failed,baseline_touches_required_for_b0,0.694697,0.638618,,,166.667,0
1,trial_0024,b1_current,touch_minus_150ms,1291,43030.000,0.859341,0.979411,ok,,0.694697,0.638618,0.378481,,166.667,1
1,trial_0024,b2_linear,touch_minus_150ms,1291,43030.000,0.919768,1.004500,ok,,0.694697,0.638618,0.429566,,166.667,1
1,trial_0024,b0_mean,touch_minus_200ms,1290,42996.667,,,failed,baseline_touches_required_for_b0,0.694697,0.638618,,,200.000,0
1,trial_0024,b1_current,touch_minus_200ms,1290,42996.667,0.853153,0.977401,ok,,0.694697,0.638618,0.374008,,200.000,1
1,trial_0024,b2_linear,touch_minus_200ms,1290,42996.667,0.989072,1.033971,ok,,0.694697,0.638618,0.492910,,200.000,1
1,trial_0025,b0_mean,centerline_crossing,1335,44496.667,,,failed,baseline_touches_required_for_b0,0.671875,0.200650,,,900.000,0
1,trial_0025,b1_current,centerline_crossing,1335,44496.667,0.527857,0.538763,ok,,0.671875,0.200650,0.367507,,900.000,1
1,trial_0025,b2_linear,centerline_crossing,1335,44496.667,0.774523,0.550901,ok,,0.671875,0.200650,0.364983,,900.000,1
1,trial_0025,b0_mean,touch_minus_50ms,1335,44496.667,,,failed,baseline_touches_required_for_b0,0.671875,0.200650,,,900.000,0
1,trial_0025,b1_current,touch_minus_50ms,1335,44496.667,0.527857,0.538763,ok,,0.671875,0.200650,0.367507,,900.000,1
1,trial_0025,b2_linear,touch_minus_50ms,1335,44496.667,0.774523,0.550901,ok,,0.671875,0.200650,0.364983,,900.000,1
1,trial_0025,b0_mean,touch_minus_100ms,1335,44496.667,,,failed,baseline_touches_required_for_b0,0.671875,0.200650,,,900.000,0
1,trial_0025,b1_current,touch_minus_100ms,1335,44496.667,0.527857,0.538763,ok,,0.671875,0.200650,0.367507,,900.000,1
1,trial_0025,b2_linear,touch_minus_100ms,1335,44496.667,0.774523,0.550901,ok,,0.671875,0.200650,0.364983,,900.000,1
1,trial_0025,b0_mean,touch_minus_150ms,1335,44496.667,,,failed,baseline_touches_required_for_b0,0.671875,0.200650,,,900.000,0
1,trial_0025,b1_current,touch_minus_150ms,1335,44496.667,0.527857,0.538763,ok,,0.671875,0.200650,0.367507,,900.000,1
1,trial_0025,b2_linear,touch_minus_150ms,1335,44496.667,0.774523,0.550901,ok,,0.671875,0.200650,0.364983,,900.000,1
1,trial_0025,b0_mean,touch_minus_200ms,1335,44496.667,,,failed,baseline_touches_required_for_b0,0.671875,0.200650,,,900.000,0
1,trial_0025,b1_current,touch_minus_200ms,1335,44496.667,0.527857,0.538763,ok,,0.671875,0.200650,0.367507,,900.000,1
1,trial_0025,b2_linear,touch_minus_200ms,1335,44496.667,0.774523,0.550901,ok,,0.671875,0.200650,0.364983,,900.000,1
1,trial_0026,b0_mean,centerline_crossing,1397,46563.333,,,failed,baseline_touches_required_for_b0,0.613258,0.391867,,,500.000,0
1,trial_0026,b1_current,centerline_crossing,1397,46563.333,0.502908,0.712387,ok,,0.613258,0.391867,0.338984,,500.000,1
1,trial_0026,b2_linear,centerline_crossing,1397,46563.333,0.799344,0.785721,ok,,0.613258,0.391867,0.435602,,500.000,1
1,trial_0026,b0_mean,touch_minus_50ms,1410,46996.667,,,failed,baseline_touches_required_for_b0,0.613258,0.391867,,,66.666,0
1,trial_0026,b1_current,touch_minus_50ms,1410,46996.667,0.904718,0.831618,ok,,0.613258,0.391867,0.527570,,66.666,1
1,trial_0026,b2_linear,touch_minus_50ms,1410,46996.667,0.923116,0.844164,ok,,0.613258,0.391867,0.548256,,66.666,1
1,trial_0026,b0_mean,touch_minus_100ms,1409,46963.333,,,failed,baseline_touches_required_for_b0,0.613258,0.391867,,,100.000,0
1,trial_0026,b1_current,touch_minus_100ms,1409,46963.333,0.901395,0.830016,ok,,0.613258,0.391867,0.524402,,100.000,1
1,trial_0026,b2_linear,touch_minus_100ms,1409,46963.333,0.923047,0.840089,ok,,0.613258,0.391867,0.544860,,100.000,1
1,trial_0026,b0_mean,touch_minus_150ms,1407,46896.667,,,failed,baseline_touches_required_for_b0,0.613258,0.391867,,,166.666,0
1,trial_0026,b1_current,touch_minus_150ms,1407,46896.667,0.887451,0.821079,ok,,0.613258,0.391867,0.509318,,166.666,1
1,trial_0026,b2_linear,touch_minus_150ms,1407,46896.667,0.913956,0.840314,ok,,0.613258,0.391867,0.539930,,166.666,1
1,trial_0026,b0_mean,touch_minus_200ms,1406,46863.333,,,failed,baseline_touches_required_for_b0,0.613258,0.391867,,,200.000,0
1,trial_0026,b1_current,touch_minus_200ms,1406,46863.333,0.880855,0.816902,ok,,0.613258,0.391867,0.502258,,200.000,1
1,trial_0026,b2_linear,touch_minus_200ms,1406,46863.333,0.902856,0.834547,ok,,0.613258,0.391867,0.528992,,200.000,1
1,trial_0027,b0_mean,centerline_crossing,,,,,failed,baseline_touches_required_for_b0,0.657008,0.277424,,,,0
1,trial_0027,b1_current,centerline_crossing,,,,,failed,no_left_to_right_crossing_before_touch,0.657008,0.277424,,,,0
1,trial_0027,b2_linear,centerline_crossing,,,,,failed,no_left_to_right_crossing_before_touch,0.657008,0.277424,,,,0
1,trial_0027,b0_mean,touch_minus_50ms,1452,48396.667,,,failed,baseline_touches_required_for_b0,0.657008,0.277424,,,633.333,0
1,trial_0027,b1_current,touch_minus_50ms,1452,48396.667,0.374016,0.602979,ok,,0.657008,0.277424,0.431359,,633.333,1
1,trial_0027,b2_linear,touch_minus_50ms,1452,48396.667,0.609200,0.613796,ok,,0.657008,0.277424,0.339752,,633.333,1
1,trial_0027,b0_mean,touch_minus_100ms,1452,48396.667,,,failed,baseline_touches_required_for_b0,0.657008,0.277424,,,633.333,0
1,trial_0027,b1_current,touch_minus_100ms,1452,48396.667,0.374016,0.602979,ok,,0.657008,0.277424,0.431359,,633.333,1
1,trial_0027,b2_linear,touch_minus_100ms,1452,48396.667,0.609200,0.613796,ok,,0.657008,0.277424,0.339752,,633.333,1
1,trial_0027,b0_mean,touch_minus_150ms,1452,48396.667,,,failed,baseline_touches_required_for_b0,0.657008,0.277424,,,633.333,0
1,trial_0027,b1_current,touch_minus_150ms,1452,48396.667,0.374016,0.602979,ok,,0.657008,0.277424,0.431359,,633.333,1
1,trial_0027,b2_linear,touch_minus_150ms,1452,48396.667,0.609200,0.613796,ok,,0.657008,0.277424,0.339752,,633.333,1
1,trial_0027,b0_mean,touch_minus_200ms,1452,48396.667,,,failed,baseline_touches_required_for_b0,0.657008,0.277424,,,633.333,0
1,trial_0027,b1_current,touch_minus_200ms,1452,48396.667,0.374016,0.602979,ok,,0.657008,0.277424,0.431359,,633.333,1
1,trial_0027,b2_linear,touch_minus_200ms,1452,48396.667,0.609200,0.613796,ok,,0.657008,0.277424,0.339752,,633.333,1
1,trial_0028,b0_mean,centerline_crossing,1505,50163.333,,,failed,baseline_touches_required_for_b0,0.794981,0.094390,,,1566.667,0
1,trial_0028,b1_current,centerline_crossing,1505,50163.333,0.528823,0.553599,ok,,0.794981,0.094390,0.530766,,1566.667,1
1,trial_0028,b2_linear,centerline_crossing,1505,50163.333,0.689462,0.586787,ok,,0.794981,0.094390,0.503576,,1566.667,1
1,trial_0028,b0_mean,touch_minus_50ms,1550,51663.333,,,failed,baseline_touches_required_for_b0,0.794981,0.094390,,,66.667,0
1,trial_0028,b1_current,touch_minus_50ms,1550,51663.333,1.045496,0.595705,ok,,0.794981,0.094390,0.560423,,66.667,1
1,trial_0028,b2_linear,touch_minus_50ms,1550,51663.333,1.039058,0.599937,ok,,0.794981,0.094390,0.561383,,66.667,1
1,trial_0028,b0_mean,touch_minus_100ms,1549,51630.000,,,failed,baseline_touches_required_for_b0,0.794981,0.094390,,,100.000,0
1,trial_0028,b1_current,touch_minus_100ms,1549,51630.000,1.046554,0.594595,ok,,0.794981,0.094390,0.559905,,100.000,1
1,trial_0028,b2_linear,touch_minus_100ms,1549,51630.000,1.049803,0.588095,ok,,0.794981,0.094390,0.555589,,100.000,1
1,trial_0028,b0_mean,touch_minus_150ms,1547,51563.333,,,failed,baseline_touches_required_for_b0,0.794981,0.094390,,,166.667,0
1,trial_0028,b1_current,touch_minus_150ms,1547,51563.333,1.050944,0.591834,ok,,0.794981,0.094390,0.559435,,166.667,1
1,trial_0028,b2_linear,touch_minus_150ms,1547,51563.333,1.056625,0.590347,ok,,0.794981,0.094390,0.560741,,166.667,1
1,trial_0028,b0_mean,touch_minus_200ms,1546,51530.000,,,failed,baseline_touches_required_for_b0,0.794981,0.094390,,,200.000,0
1,trial_0028,b1_current,touch_minus_200ms,1546,51530.000,1.045901,0.599324,ok,,0.794981,0.094390,0.563843,,200.000,1
1,trial_0028,b2_linear,touch_minus_200ms,1546,51530.000,1.068074,0.587112,ok,,0.794981,0.094390,0.563342,,200.000,1
1,trial_0029,b0_mean,centerline_crossing,,,,,failed,baseline_touches_required_for_b0,0.724148,0.142804,,,,0
1,trial_0029,b1_current,centerline_crossing,,,,,failed,no_left_to_right_crossing_before_touch,0.724148,0.142804,,,,0
1,trial_0029,b2_linear,centerline_crossing,,,,,failed,no_left_to_right_crossing_before_touch,0.724148,0.142804,,,,0
1,trial_0029,b0_mean,touch_minus_50ms,1602,53396.667,,,failed,baseline_touches_required_for_b0,0.724148,0.142804,,,66.666,0
1,trial_0029,b1_current,touch_minus_50ms,1602,53396.667,0.996497,0.656522,ok,,0.724148,0.142804,0.581447,,66.666,1
1,trial_0029,b2_linear,touch_minus_50ms,1602,53396.667,1.015503,0.669928,ok,,0.724148,0.142804,0.602285,,66.666,1
1,trial_0029,b0_mean,touch_minus_100ms,1601,53363.333,,,failed,baseline_touches_required_for_b0,0.724148,0.142804,,,100.000,0
1,trial_0029,b1_current,touch_minus_100ms,1601,53363.333,0.991076,0.654721,ok,,0.724148,0.142804,0.577330,,100.000,1
1,trial_0029,b2_linear,touch_minus_100ms,1601,53363.333,1.012722,0.665699,ok,,0.724148,0.142804,0.597239,,100.000,1
1,trial_0029,b0_mean,touch_minus_150ms,1599,53296.667,,,failed,baseline_touches_required_for_b0,0.724148,0.142804,,,166.666,0
1,trial_0029,b1_current,touch_minus_150ms,1599,53296.667,0.977476,0.644158,ok,,0.724148,0.142804,0.561721,,166.666,1
1,trial_0029,b2_linear,touch_minus_150ms,1599,53296.667,0.978958,0.659142,ok,,0.724148,0.142804,0.575789,,166.666,1
1,trial_0029,b0_mean,touch_minus_200ms,1598,53263.333,,,failed,baseline_touches_required_for_b0,0.724148,0.142804,,,200.000,0
1,trial_0029,b1_current,touch_minus_200ms,1598,53263.333,0.971347,0.644416,ok,,0.724148,0.142804,0.559215,,200.000,1
1,trial_0029,b2_linear,touch_minus_200ms,1598,53263.333,0.981108,0.649348,ok,,0.724148,0.142804,0.567992,,200.000,1
1,trial_0030,b0_mean,centerline_crossing,,,,,failed,baseline_touches_required_for_b0,0.713352,0.621064,,,,0
1,trial_0030,b1_current,centerline_crossing,,,,,failed,no_left_to_right_crossing_before_touch,0.713352,0.621064,,,,0
1,trial_0030,b2_linear,centerline_crossing,,,,,failed,no_left_to_right_crossing_before_touch,0.713352,0.621064,,,,0
1,trial_0030,b0_mean,touch_minus_50ms,,,,,failed,baseline_touches_required_for_b0,0.713352,0.621064,,,,0
1,trial_0030,b1_current,touch_minus_50ms,,,,,failed,no_valid_frame_at_cutoff,0.713352,0.621064,,,,0
1,trial_0030,b2_linear,touch_minus_50ms,,,,,failed,no_valid_frame_at_cutoff,0.713352,0.621064,,,,0
1,trial_0030,b0_mean,touch_minus_100ms,,,,,failed,baseline_touches_required_for_b0,0.713352,0.621064,,,,0
1,trial_0030,b1_current,touch_minus_100ms,,,,,failed,no_valid_frame_at_cutoff,0.713352,0.621064,,,,0
1,trial_0030,b2_linear,touch_minus_100ms,,,,,failed,no_valid_frame_at_cutoff,0.713352,0.621064,,,,0
1,trial_0030,b0_mean,touch_minus_150ms,,,,,failed,baseline_touches_required_for_b0,0.713352,0.621064,,,,0
1,trial_0030,b1_current,touch_minus_150ms,,,,,failed,no_valid_frame_at_cutoff,0.713352,0.621064,,,,0
1,trial_0030,b2_linear,touch_minus_150ms,,,,,failed,no_valid_frame_at_cutoff,0.713352,0.621064,,,,0
1,trial_0030,b0_mean,touch_minus_200ms,,,,,failed,baseline_touches_required_for_b0,0.713352,0.621064,,,,0
1,trial_0030,b1_current,touch_minus_200ms,,,,,failed,no_valid_frame_at_cutoff,0.713352,0.621064,,,,0
1,trial_0030,b2_linear,touch_minus_200ms,,,,,failed,no_valid_frame_at_cutoff,0.713352,0.621064,,,,0
1,trial_0031,b0_mean,centerline_crossing,,,,,failed,baseline_touches_required_for_b0,0.724148,0.149988,,,,0
1,trial_0031,b1_current,centerline_crossing,,,,,failed,no_left_to_right_crossing_before_touch,0.724148,0.149988,,,,0
1,trial_0031,b2_linear,centerline_crossing,,,,,failed,no_left_to_right_crossing_before_touch,0.724148,0.149988,,,,0
1,trial_0031,b0_mean,touch_minus_50ms,1691,56363.333,,,failed,baseline_touches_required_for_b0,0.724148,0.149988,,,66.667,0
1,trial_0031,b1_current,touch_minus_50ms,1691,56363.333,1.033390,0.699969,ok,,0.724148,0.149988,0.630959,,66.667,1
1,trial_0031,b2_linear,touch_minus_50ms,1691,56363.333,1.066188,0.705693,ok,,0.724148,0.149988,0.652533,,66.667,1
1,trial_0031,b0_mean,touch_minus_100ms,1690,56330.000,,,failed,baseline_touches_required_for_b0,0.724148,0.149988,,,100.000,0
1,trial_0031,b1_current,touch_minus_100ms,1690,56330.000,1.025588,0.696240,ok,,0.724148,0.149988,0.623905,,100.000,1
1,trial_0031,b2_linear,touch_minus_100ms,1690,56330.000,1.073528,0.725620,ok,,0.724148,0.149988,0.673364,,100.000,1
1,trial_0031,b0_mean,touch_minus_150ms,1688,56263.333,,,failed,baseline_touches_required_for_b0,0.724148,0.149988,,,166.667,0
1,trial_0031,b1_current,touch_minus_150ms,1688,56263.333,1.001769,0.691516,ok,,0.724148,0.149988,0.608544,,166.667,1
1,trial_0031,b2_linear,touch_minus_150ms,1688,56263.333,1.056315,0.695892,ok,,0.724148,0.149988,0.639020,,166.667,1
1,trial_0031,b0_mean,touch_minus_200ms,1687,56230.000,,,failed,baseline_touches_required_for_b0,0.724148,0.149988,,,200.000,0
1,trial_0031,b1_current,touch_minus_200ms,1687,56230.000,0.980240,0.675832,ok,,0.724148,0.149988,0.584889,,200.000,1
1,trial_0031,b2_linear,touch_minus_200ms,1687,56230.000,1.042525,0.668527,ok,,0.724148,0.149988,0.608479,,200.000,1
1,trial_0032,b0_mean,centerline_crossing,,,,,failed,baseline_touches_required_for_b0,0.787027,0.552036,,,,0
1,trial_0032,b1_current,centerline_crossing,,,,,failed,no_left_to_right_crossing_before_touch,0.787027,0.552036,,,,0
1,trial_0032,b2_linear,centerline_crossing,,,,,failed,no_left_to_right_crossing_before_touch,0.787027,0.552036,,,,0
1,trial_0032,b0_mean,touch_minus_50ms,1741,58030.000,,,failed,baseline_touches_required_for_b0,0.787027,0.552036,,,66.667,0
1,trial_0032,b1_current,touch_minus_50ms,1741,58030.000,0.972689,1.025713,ok,,0.787027,0.552036,0.508763,,66.667,1
1,trial_0032,b2_linear,touch_minus_50ms,1741,58030.000,0.988028,1.018655,ok,,0.787027,0.552036,0.508070,,66.667,1
1,trial_0032,b0_mean,touch_minus_100ms,1740,57996.667,,,failed,baseline_touches_required_for_b0,0.787027,0.552036,,,100.000,0
1,trial_0032,b1_current,touch_minus_100ms,1740,57996.667,0.970775,1.023850,ok,,0.787027,0.552036,0.506332,,100.000,1
1,trial_0032,b2_linear,touch_minus_100ms,1740,57996.667,0.993633,1.007659,ok,,0.787027,0.552036,0.500278,,100.000,1
1,trial_0032,b0_mean,touch_minus_150ms,1738,57930.000,,,failed,baseline_touches_required_for_b0,0.787027,0.552036,,,166.667,0
1,trial_0032,b1_current,touch_minus_150ms,1738,57930.000,0.958322,1.030414,ok,,0.787027,0.552036,0.508122,,166.667,1
1,trial_0032,b2_linear,touch_minus_150ms,1738,57930.000,,,failed,insufficient_history,0.787027,0.552036,,,166.667,0
1,trial_0032,b0_mean,touch_minus_200ms,1737,57896.667,,,failed,baseline_touches_required_for_b0,0.787027,0.552036,,,200.000,0
1,trial_0032,b1_current,touch_minus_200ms,1737,57896.667,0.950694,1.040417,ok,,0.787027,0.552036,0.515076,,200.000,1
1,trial_0032,b2_linear,touch_minus_200ms,1737,57896.667,,,failed,insufficient_history,0.787027,0.552036,,,200.000,0
1,trial_0033,b0_mean,centerline_crossing,1775,59163.333,,,failed,baseline_touches_required_for_b0,0.726705,0.740567,,,366.667,0
1,trial_0033,b1_current,centerline_crossing,1775,59163.333,0.549387,1.113238,ok,,0.726705,0.740567,0.412705,,366.667,1
1,trial_0033,b2_linear,centerline_crossing,1775,59163.333,1.059053,1.395055,ok,,0.726705,0.740567,0.734037,,366.667,1
1,trial_0033,b0_mean,touch_minus_50ms,1784,59463.333,,,failed,baseline_touches_required_for_b0,0.726705,0.740567,,,66.667,0
1,trial_0033,b1_current,touch_minus_50ms,1784,59463.333,0.871478,1.201906,ok,,0.726705,0.740567,0.483521,,66.667,1
1,trial_0033,b2_linear,touch_minus_50ms,1784,59463.333,0.918302,1.213435,ok,,0.726705,0.740567,0.510209,,66.667,1
1,trial_0033,b0_mean,touch_minus_100ms,1783,59430.000,,,failed,baseline_touches_required_for_b0,0.726705,0.740567,,,100.000,0
1,trial_0033,b1_current,touch_minus_100ms,1783,59430.000,0.851942,1.195974,ok,,0.726705,0.740567,0.472313,,100.000,1
1,trial_0033,b2_linear,touch_minus_100ms,1783,59430.000,0.886545,1.208235,ok,,0.726705,0.740567,0.494229,,100.000,1
1,trial_0033,b0_mean,touch_minus_150ms,1781,59363.333,,,failed,baseline_touches_required_for_b0,0.726705,0.740567,,,166.667,0
1,trial_0033,b1_current,touch_minus_150ms,1781,59363.333,0.821884,1.189205,ok,,0.726705,0.740567,0.458623,,166.667,1
1,trial_0033,b2_linear,touch_minus_150ms,1781,59363.333,0.879430,1.205099,ok,,0.726705,0.740567,0.488994,,166.667,1
1,trial_0033,b0_mean,touch_minus_200ms,1780,59330.000,,,failed,baseline_touches_required_for_b0,0.726705,0.740567,,,200.000,0
1,trial_0033,b1_current,touch_minus_200ms,1780,59330.000,0.819463,1.184392,ok,,0.726705,0.740567,0.453414,,200.000,1
1,trial_0033,b2_linear,touch_minus_200ms,1780,59330.000,0.919257,1.188572,ok,,0.726705,0.740567,0.487632,,200.000,1
1,trial_0034,b0_mean,centerline_crossing,1806,60196.667,,,failed,baseline_touches_required_for_b0,0.764867,0.806659,,,500.000,0
1,trial_0034,b1_current,centerline_crossing,1806,60196.667,0.507227,1.107950,ok,,0.764867,0.806659,0.396427,,500.000,1
1,trial_0034,b2_linear,centerline_crossing,1806,60196.667,0.714709,1.222203,ok,,0.764867,0.806659,0.418560,,500.000,1
1,trial_0034,b0_mean,touch_minus_50ms,1819,60630.000,,,failed,baseline_touches_required_for_b0,0.764867,0.806659,,,66.667,0
1,trial_0034,b1_current,touch_minus_50ms,1819,60630.000,0.888378,1.270761,ok,,0.764867,0.806659,0.480256,,66.667,1
1,trial_0034,b2_linear,touch_minus_50ms,1819,60630.000,0.950570,1.272073,ok,,0.764867,0.806659,0.501095,,66.667,1
1,trial_0034,b0_mean,touch_minus_100ms,1818,60596.667,,,failed,baseline_touches_required_for_b0,0.764867,0.806659,,,100.000,0
1,trial_0034,b1_current,touch_minus_100ms,1818,60596.667,0.872601,1.274329,ok,,0.764867,0.806659,0.479919,,100.000,1
1,trial_0034,b2_linear,touch_minus_100ms,1818,60596.667,0.937771,1.303926,ok,,0.764867,0.806659,0.526470,,100.000,1
1,trial_0034,b0_mean,touch_minus_150ms,1816,60530.000,,,failed,baseline_touches_required_for_b0,0.764867,0.806659,,,166.667,0
1,trial_0034,b1_current,touch_minus_150ms,1816,60530.000,0.829588,1.270745,ok,,0.764867,0.806659,0.468577,,166.667,1
1,trial_0034,b2_linear,touch_minus_150ms,1816,60530.000,0.953928,1.310092,ok,,0.764867,0.806659,0.537763,,166.667,1
1,trial_0034,b0_mean,touch_minus_200ms,1815,60496.667,,,failed,baseline_touches_required_for_b0,0.764867,0.806659,,,200.000,0
1,trial_0034,b1_current,touch_minus_200ms,1815,60496.667,0.803956,1.249631,ok,,0.764867,0.806659,0.444693,,200.000,1
1,trial_0034,b2_linear,touch_minus_200ms,1815,60496.667,0.968190,1.298664,ok,,0.764867,0.806659,0.532362,,200.000,1
1,trial_0035,b0_mean,centerline_crossing,1838,61263.333,,,failed,baseline_touches_required_for_b0,0.856534,0.468641,,,733.334,0
1,trial_0035,b1_current,centerline_crossing,1838,61263.333,0.521190,0.977791,ok,,0.856534,0.468641,0.609663,,733.334,1
1,trial_0035,b2_linear,centerline_crossing,1838,61263.333,0.749675,1.061266,ok,,0.856534,0.468641,0.602182,,733.334,1
1,trial_0035,b0_mean,touch_minus_50ms,1858,61930.000,,,failed,baseline_touches_required_for_b0,0.856534,0.468641,,,66.667,0
1,trial_0035,b1_current,touch_minus_50ms,1858,61930.000,1.052401,0.999329,ok,,0.856534,0.468641,0.565680,,66.667,1
1,trial_0035,b2_linear,touch_minus_50ms,1858,61930.000,1.062905,1.014734,ok,,0.856534,0.468641,0.583786,,66.667,1
1,trial_0035,b0_mean,touch_minus_100ms,1857,61896.667,,,failed,baseline_touches_required_for_b0,0.856534,0.468641,,,100.000,0
1,trial_0035,b1_current,touch_minus_100ms,1857,61896.667,1.050045,0.987644,ok,,0.856534,0.468641,0.553905,,100.000,1
1,trial_0035,b2_linear,touch_minus_100ms,1857,61896.667,1.062357,0.993778,ok,,0.856534,0.468641,0.564032,,100.000,1
1,trial_0035,b0_mean,touch_minus_150ms,1855,61830.000,,,failed,baseline_touches_required_for_b0,0.856534,0.468641,,,166.667,0
1,trial_0035,b1_current,touch_minus_150ms,1855,61830.000,1.043096,0.979284,ok,,0.856534,0.468641,0.543656,,166.667,1
1,trial_0035,b2_linear,touch_minus_150ms,1855,61830.000,1.073398,0.986091,ok,,0.856534,0.468641,0.561057,,166.667,1
1,trial_0035,b0_mean,touch_minus_200ms,1854,61796.667,,,failed,baseline_touches_required_for_b0,0.856534,0.468641,,,200.000,0
1,trial_0035,b1_current,touch_minus_200ms,1854,61796.667,1.035515,0.986139,ok,,0.856534,0.468641,0.547575,,200.000,1
1,trial_0035,b2_linear,touch_minus_200ms,1854,61796.667,1.082322,1.001238,ok,,0.856534,0.468641,0.578481,,200.000,1
1,trial_0036,b0_mean,centerline_crossing,,,,,failed,baseline_touches_required_for_b0,0.682670,0.234383,,,,0
1,trial_0036,b1_current,centerline_crossing,,,,,failed,no_left_to_right_crossing_before_touch,0.682670,0.234383,,,,0
1,trial_0036,b2_linear,centerline_crossing,,,,,failed,no_left_to_right_crossing_before_touch,0.682670,0.234383,,,,0
1,trial_0036,b0_mean,touch_minus_50ms,1898,63263.333,,,failed,baseline_touches_required_for_b0,0.682670,0.234383,,,66.667,0
1,trial_0036,b1_current,touch_minus_50ms,1898,63263.333,0.935163,0.800254,ok,,0.682670,0.234383,0.619647,,66.667,1
1,trial_0036,b2_linear,touch_minus_50ms,1898,63263.333,0.969235,0.811081,ok,,0.682670,0.234383,0.643972,,66.667,1
1,trial_0036,b0_mean,touch_minus_100ms,1897,63230.000,,,failed,baseline_touches_required_for_b0,0.682670,0.234383,,,100.000,0
1,trial_0036,b1_current,touch_minus_100ms,1897,63230.000,0.926647,0.795993,ok,,0.682670,0.234383,0.612316,,100.000,1
1,trial_0036,b2_linear,touch_minus_100ms,1897,63230.000,0.946947,0.808871,ok,,0.682670,0.234383,0.632360,,100.000,1
1,trial_0036,b0_mean,touch_minus_150ms,1895,63163.333,,,failed,baseline_touches_required_for_b0,0.682670,0.234383,,,166.667,0
1,trial_0036,b1_current,touch_minus_150ms,1895,63163.333,0.903557,0.788814,ok,,0.682670,0.234383,0.596812,,166.667,1
1,trial_0036,b2_linear,touch_minus_150ms,1895,63163.333,0.926212,0.792860,ok,,0.682670,0.234383,0.609269,,166.667,1
1,trial_0036,b0_mean,touch_minus_200ms,1894,63130.000,,,failed,baseline_touches_required_for_b0,0.682670,0.234383,,,200.000,0
1,trial_0036,b1_current,touch_minus_200ms,1894,63130.000,0.901053,0.784402,ok,,0.682670,0.234383,0.591787,,200.000,1
1,trial_0036,b2_linear,touch_minus_200ms,1894,63130.000,0.926134,0.795357,ok,,0.682670,0.234383,0.611528,,200.000,1
1,trial_0037,b0_mean,centerline_crossing,1933,64430.000,,,failed,baseline_touches_required_for_b0,0.751136,0.507246,,,433.333,0
1,trial_0037,b1_current,centerline_crossing,1933,64430.000,0.528858,0.893012,ok,,0.751136,0.507246,0.445222,,433.333,1
1,trial_0037,b2_linear,centerline_crossing,1933,64430.000,0.869890,1.049016,ok,,0.751136,0.507246,0.554633,,433.333,1
1,trial_0037,b0_mean,touch_minus_50ms,1944,64796.667,,,failed,baseline_touches_required_for_b0,0.751136,0.507246,,,66.666,0
1,trial_0037,b1_current,touch_minus_50ms,1944,64796.667,0.951726,1.013612,ok,,0.751136,0.507246,0.544649,,66.666,1
1,trial_0037,b2_linear,touch_minus_50ms,1944,64796.667,0.981756,1.024208,ok,,0.751136,0.507246,0.566070,,66.666,1
1,trial_0037,b0_mean,touch_minus_100ms,1943,64763.333,,,failed,baseline_touches_required_for_b0,0.751136,0.507246,,,100.000,0
1,trial_0037,b1_current,touch_minus_100ms,1943,64763.333,0.946524,1.012367,ok,,0.751136,0.507246,0.541594,,100.000,1
1,trial_0037,b2_linear,touch_minus_100ms,1943,64763.333,0.968246,1.021809,ok,,0.751136,0.507246,0.558491,,100.000,1
1,trial_0037,b0_mean,touch_minus_150ms,1941,64696.667,,,failed,baseline_touches_required_for_b0,0.751136,0.507246,,,166.666,0
1,trial_0037,b1_current,touch_minus_150ms,1941,64696.667,0.924159,1.004777,ok,,0.751136,0.507246,0.526758,,166.666,1
1,trial_0037,b2_linear,touch_minus_150ms,1941,64696.667,0.964212,1.032406,ok,,0.751136,0.507246,0.566740,,166.666,1
1,trial_0037,b0_mean,touch_minus_200ms,1940,64663.333,,,failed,baseline_touches_required_for_b0,0.751136,0.507246,,,200.000,0
1,trial_0037,b1_current,touch_minus_200ms,1940,64663.333,0.923503,1.000391,ok,,0.751136,0.507246,0.522401,,200.000,1
1,trial_0037,b2_linear,touch_minus_200ms,1940,64663.333,1.017692,1.033844,ok,,0.751136,0.507246,0.590218,,200.000,1
1,trial_0038,b0_mean,centerline_crossing,,,,,failed,baseline_touches_required_for_b0,0.577367,0.155485,,,,0
1,trial_0038,b1_current,centerline_crossing,,,,,failed,no_left_to_right_crossing_before_touch,0.577367,0.155485,,,,0
1,trial_0038,b2_linear,centerline_crossing,,,,,failed,no_left_to_right_crossing_before_touch,0.577367,0.155485,,,,0
1,trial_0038,b0_mean,touch_minus_50ms,1991,66363.333,,,failed,baseline_touches_required_for_b0,0.577367,0.155485,,,266.667,0
1,trial_0038,b1_current,touch_minus_50ms,1991,66363.333,0.838321,0.695449,ok,,0.577367,0.155485,0.599715,,266.667,1
1,trial_0038,b2_linear,touch_minus_50ms,1991,66363.333,,,failed,insufficient_history,0.577367,0.155485,,,266.667,0
1,trial_0038,b0_mean,touch_minus_100ms,1991,66363.333,,,failed,baseline_touches_required_for_b0,0.577367,0.155485,,,266.667,0
1,trial_0038,b1_current,touch_minus_100ms,1991,66363.333,0.838321,0.695449,ok,,0.577367,0.155485,0.599715,,266.667,1
1,trial_0038,b2_linear,touch_minus_100ms,1991,66363.333,,,failed,insufficient_history,0.577367,0.155485,,,266.667,0
1,trial_0038,b0_mean,touch_minus_150ms,1991,66363.333,,,failed,baseline_touches_required_for_b0,0.577367,0.155485,,,266.667,0
1,trial_0038,b1_current,touch_minus_150ms,1991,66363.333,0.838321,0.695449,ok,,0.577367,0.155485,0.599715,,266.667,1
1,trial_0038,b2_linear,touch_minus_150ms,1991,66363.333,,,failed,insufficient_history,0.577367,0.155485,,,266.667,0
1,trial_0038,b0_mean,touch_minus_200ms,1991,66363.333,,,failed,baseline_touches_required_for_b0,0.577367,0.155485,,,266.667,0
1,trial_0038,b1_current,touch_minus_200ms,1991,66363.333,0.838321,0.695449,ok,,0.577367,0.155485,0.599715,,266.667,1
1,trial_0038,b2_linear,touch_minus_200ms,1991,66363.333,,,failed,insufficient_history,0.577367,0.155485,,,266.667,0
1,trial_0039,b0_mean,centerline_crossing,,,,,failed,baseline_touches_required_for_b0,0.759849,0.733883,,,,0
1,trial_0039,b1_current,centerline_crossing,,,,,failed,no_left_to_right_crossing_before_touch,0.759849,0.733883,,,,0
1,trial_0039,b2_linear,centerline_crossing,,,,,failed,no_left_to_right_crossing_before_touch,0.759849,0.733883,,,,0
1,trial_0039,b0_mean,touch_minus_50ms,2040,67996.667,,,failed,baseline_touches_required_for_b0,0.759849,0.733883,,,66.666,0
1,trial_0039,b1_current,touch_minus_50ms,2040,67996.667,0.919141,1.227414,ok,,0.759849,0.733883,0.518601,,66.666,1
1,trial_0039,b2_linear,touch_minus_50ms,2040,67996.667,0.922735,1.227629,ok,,0.759849,0.733883,0.519920,,66.666,1
1,trial_0039,b0_mean,touch_minus_100ms,2039,67963.333,,,failed,baseline_touches_required_for_b0,0.759849,0.733883,,,100.000,0
1,trial_0039,b1_current,touch_minus_100ms,2039,67963.333,0.920416,1.231752,ok,,0.759849,0.733883,0.523121,,100.000,1
1,trial_0039,b2_linear,touch_minus_100ms,2039,67963.333,0.933506,1.229389,ok,,0.759849,0.733883,0.525055,,100.000,1
1,trial_0039,b0_mean,touch_minus_150ms,2037,67896.667,,,failed,baseline_touches_required_for_b0,0.759849,0.733883,,,166.666,0
1,trial_0039,b1_current,touch_minus_150ms,2037,67896.667,0.916079,1.229743,ok,,0.759849,0.733883,0.519889,,166.666,1
1,trial_0039,b2_linear,touch_minus_150ms,2037,67896.667,0.946045,1.233303,ok,,0.759849,0.733883,0.533000,,166.666,1
1,trial_0039,b0_mean,touch_minus_200ms,2036,67863.333,,,failed,baseline_touches_required_for_b0,0.759849,0.733883,,,200.000,0
1,trial_0039,b1_current,touch_minus_200ms,2036,67863.333,0.910614,1.232331,ok,,0.759849,0.733883,0.520750,,200.000,1
1,trial_0039,b2_linear,touch_minus_200ms,2036,67863.333,0.946623,1.243291,ok,,0.759849,0.733883,0.542569,,200.000,1
