schema_version,trial_id,stage,status,reason,method,prediction_mode
1,trial_0000,alignment,matched,,,
1,trial_0000,ground_truth,valid,,,
1,trial_0001,alignment,matched,,,
1,trial_0001,ground_truth,valid,,,
1,trial_0002,alignment,matched,,,
1,trial_0002,ground_truth,valid,,,
1,trial_0003,alignment,matched,,,
1,trial_0003,ground_truth,valid,,,
1,trial_0004,alignment,matched,,,
1,trial_0004,ground_truth,valid,,,
1,trial_0005,alignment,matched,,,
1,trial_0005,ground_truth,valid,,,
1,trial_0006,alignment,matched,,,
1,trial_0006,ground_truth,valid,,,
1,trial_0007,alignment,matched,,,
1,trial_0007,ground_truth,valid,,,
1,trial_0008,alignment,matched,,,
1,trial_0008,ground_truth,valid,,,
1,trial_0009,alignment,matched,,,
1,trial_0009,ground_truth,valid,,,
1,trial_0010,alignment,matched,,,
1,trial_0010,ground_truth,valid,,,
1,trial_0011,alignment,matched,,,
1,trial_0011,ground_truth,valid,,,
1,trial_0012,alignment,matched,,,
1,trial_0012,ground_truth,valid,,,
1,trial_0013,alignment,matched,,,
1,trial_0013,ground_truth,valid,,,
1,trial_0014,alignment,matched,,,
1,trial_0014,ground_truth,valid,,,
1,trial_0015,alignment,matched,,,
1,trial_0015,ground_truth,valid,,,
1,trial_0016,alignment,matched,,,
1,trial_0016,ground_truth,valid,,,
1,trial_0017,alignment,matched,,,
1,trial_0017,ground_truth,valid,,,
1,trial_0018,alignment,matched,,,
1,trial_0018,ground_truth,valid,,,
1,trial_0019,alignment,matched,,,
1,trial_0019,ground_truth,valid,,,
1,trial_0020,alignment,matched,,,
1,trial_0020,ground_truth,valid,,,
1,trial_0021,alignment,matched,,,
1,trial_0021,ground_truth,valid,,,
1,trial_0022,alignment,matched,,,
1,trial_0022,ground_truth,valid,,,
1,trial_0023,alignment,matched,,,
1,trial_0023,ground_truth,valid,,,
1,trial_0024,alignment,matched,,,
1,trial_0024,ground_truth,valid,,,
1,trial_0025,alignment,matched,,,
1,trial_0025,ground_truth,valid,,,
1,trial_0026,alignment,matched,,,
1,trial_0026,ground_truth,valid,,,
1,trial_0027,alignment,matched,,,
1,trial_0027,ground_truth,valid,,,
1,trial_0028,alignment,matched,,,
1,trial_0028,ground_truth,valid,,,
1,trial_0029,alignment,matched,,,
1,trial_0029,ground_truth,valid,,,
1,trial_0030,alignment,matched,,,
1,trial_0030,ground_truth,valid,,,
1,trial_0031,alignment,matched,,,
1,trial_0031,ground_truth,valid,,,
1,trial_0032,alignment,matched,,,
1,trial_0032,ground_truth,valid,,,
1,trial_0033,alignment,matched,,,
1,trial_0033,ground_truth,valid,,,
1,trial_0034,alignment,matched,,,
1,trial_0034,ground_truth,valid,,,
1,trial_0035,alignment,matched,,,
1,trial_0035,ground_truth,valid,,,
1,trial_0036,alignment,matched,,,
1,trial_0036,ground_truth,valid,,,
1,trial_0037,alignment,matched,,,
1,trial_0037,ground_truth,valid,,,
1,trial_0038,alignment,matched,,,
1,trial_0038,ground_truth,valid,,,
1,trial_0039,alignment,matched,,,
1,trial_0039,ground_truth,valid,,,
1,trial_0000,prediction,invalid,baseline_touches_required_for_b0,b0_mean,centerline_crossing
1,trial_0000,prediction,valid,,b1_current,centerline_crossing
1,trial_0000,prediction,valid,,b2_linear,centerline_crossing
1,trial_0000,prediction,invalid,baseline_touches_required_for_b0,b0_mean,touch_minus_50ms
1,trial_0000,prediction,valid,,b1_current,touch_minus_50ms
1,trial_0000,prediction,valid,,b2_linear,touch_minus_50ms
1,trial_0000,prediction,invalid,baseline_touches_required_for_b0,b0_mean,touch_minus_100ms
1,trial_0000,prediction,valid,,b1_current,touch_minus_100ms
1,trial_0000,prediction,valid,,b2_linear,touch_minus_100ms
1,trial_0000,prediction,invalid,baseline_touches_required_for_b0,b0_mean,touch_minus_150ms
1,trial_0000,prediction,valid,,b1_current,touch_minus_150ms
1,trial_0000,prediction,valid,,b2_linear,touch_minus_150ms
1,trial_0000,prediction,invalid,baseline_touches_required_for_b0,b0_mean,touch_minus_200ms
1,trial_0000,prediction,valid,,b1_current,touch_minus_200ms
1,trial_0000,prediction,valid,,b2_linear,touch_minus_200ms
1,trial_0001,prediction,invalid,baseline_touches_required_for_b0,b0_mean,centerline_crossing
1,trial_0001,prediction,invalid,no_left_to_right_crossing_before_touch,b1_current,centerline_crossing
1,trial_0001,prediction,invalid,no_left_to_right_crossing_before_touch,b2_linear,centerline_crossing
1,trial_0001,prediction,invalid,baseline_touches_required_for_b0,b0_mean,touch_minus_50ms
1,trial_0001,prediction,valid,,b1_current,touch_minus_50ms
1,trial_0001,prediction,valid,,b2_linear,touch_minus_50ms
1,trial_0001,prediction,invalid,baseline_touches_required_for_b0,b0_mean,touch_minus_100ms
1,trial_0001,prediction,valid,,b1_current,touch_minus_100ms
1,trial_0001,prediction,valid,,b2_linear,touch_minus_100ms
1,trial_0001,prediction,invalid,baseline_touches_required_for_b0,b0_mean,touch_minus_150ms
1,trial_0001,prediction,valid,,b1_current,touch_minus_150ms
1,trial_0001,prediction,valid,,b2_linear,touch_minus_150ms
1,trial_0001,prediction,invalid,baseline_touches_required_for_b0,b0_mean,touch_minus_200ms
1,trial_0001,prediction,valid,,b1_current,touch_minus_200ms
1,trial_0001,prediction,valid,,b2_linear,touch_minus_200ms
1,trial_0002,prediction,invalid,baseline_touches_required_for_b0,b0_mean,centerline_crossing
1,trial_0002,prediction,valid,,b1_current,centerline_crossing
1,trial_0002,prediction,valid,,b2_linear,centerline_crossing
1,trial_0002,prediction,invalid,baseline_touches_required_for_b0,b0_mean,touch_minus_50ms
1,trial_0002,prediction,valid,,b1_current,touch_minus_50ms
1,trial_0002,prediction,valid,,b2_linear,touch_minus_50ms
1,trial_0002,prediction,invalid,baseline_touches_required_for_b0,b0_mean,touch_minus_100ms
1,trial_0002,prediction,valid,,b1_current,touch_minus_100ms
1,trial_0002,prediction,valid,,b2_linear,touch_minus_100ms
1,trial_0002,prediction,invalid,baseline_touches_required_for_b0,b0_mean,touch_minus_150ms
1,trial_0002,prediction,valid,,b1_current,touch_minus_150ms
1,trial_0002,prediction,valid,,b2_linear,touch_minus_150ms
1,trial_0002,prediction,invalid,baseline_touches_required_for_b0,b0_mean,touch_minus_200ms
1,trial_0002,prediction,valid,,b1_current,touch_minus_200ms
1,trial_0002,prediction,valid,,b2_linear,touch_minus_200ms
1,trial_0003,prediction,invalid,baseline_touches_required_for_b0,b0_mean,centerline_crossing
1,trial_0003,prediction,valid,,b1_current,centerline_crossing
1,trial_0003,prediction,valid,,b2_linear,centerline_crossing
1,trial_0003,prediction,invalid,baseline_touches_required_for_b0,b0_mean,touch_minus_50ms
1,trial_0003,prediction,valid,,b1_current,touch_minus_50ms
1,trial_0003,prediction,valid,,b2_linear,touch_minus_50ms
1,trial_0003,prediction,invalid,baseline_touches_required_for_b0,b0_mean,touch_minus_100ms
1,trial_0003,prediction,valid,,b1_current,touch_minus_100ms
1,trial_0003,prediction,valid,,b2_linear,touch_minus_100ms
1,trial_0003,prediction,invalid,baseline_touches_required_for_b0,b0_mean,touch_minus_150ms
1,trial_0003,prediction,valid,,b1_current,touch_minus_150ms
1,trial_0003,prediction,valid,,b2_linear,touch_minus_150ms
1,trial_0003,prediction,invalid,baseline_touches_required_for_b0,b0_mean,touch_minus_200ms
1,trial_0003,prediction,valid,,b1_current,touch_minus_200ms
1,trial_0003,prediction,valid,,b2_linear,touch_minus_200ms
1,trial_0004,prediction,invalid,baseline_touches_required_for_b0,b0_mean,centerline_crossing
1,trial_0004,prediction,invalid,no_left_to_right_crossing_before_touch,b1_current,centerline_crossing
1,trial_0004,prediction,invalid,no_left_to_right_crossing_before_touch,b2_linear,centerline_crossing
1,trial_0004,prediction,invalid,baseline_touches_required_for_b0,b0_mean,touch_minus_50ms
1,trial_0004,prediction,valid,,b1_current,touch_minus_50ms
1,trial_0004,prediction,valid,,b2_linear,touch_minus_50ms
1,trial_0004,prediction,invalid,baseline_touches_required_for_b0,b0_mean,touch_minus_100ms
1,trial_0004,prediction,valid,,b1_current,touch_minus_100ms
1,trial_0004,prediction,valid,,b2_linear,touch_minus_100ms
1,trial_0004,prediction,invalid,baseline_touches_required_for_b0,b0_mean,touch_minus_150ms
1,trial_0004,prediction,valid,,b1_current,touch_minus_150ms
1,trial_0004,prediction,valid,,b2_linear,touch_minus_150ms
1,trial_0004,prediction,invalid,baseline_touches_required_for_b0,b0_mean,touch_minus_200ms
1,trial_0004,prediction,valid,,b1_current,touch_minus_200ms
1,trial_0004,prediction,valid,,b2_linear,touch_minus_200ms
1,trial_0005,prediction,invalid,baseline_touches_required_for_b0,b0_mean,centerline_crossing
1,trial_0005,prediction,invalid,no_left_to_right_crossing_before_touch,b1_current,centerline_crossing
1,trial_0005,prediction,invalid,no_left_to_right_crossing_before_touch,b2_linear,centerline_crossing
1,trial_0005,prediction,invalid,baseline_touches_required_for_b0,b0_mean,touch_minus_50ms
1,trial_0005,prediction,valid,,b1_current,touch_minus_50ms
1,trial_0005,prediction,valid,,b2_linear,touch_minus_50ms
1,trial_0005,prediction,invalid,baseline_touches_required_for_b0,b0_mean,touch_minus_100ms
1,trial_0005,prediction,valid,,b1_current,touch_minus_100ms
1,trial_0005,prediction,valid,,b2_linear,touch_minus_100ms
1,trial_0005,prediction,invalid,baseline_touches_required_for_b0,b0_mean,touch_minus_150ms
1,trial_0005,prediction,valid,,b1_current,touch_minus_150ms
1,trial_0005,prediction,valid,,b2_linear,touch_minus_150ms
1,trial_0005,prediction,invalid,baseline_touches_required_for_b0,b0_mean,touch_minus_200ms
1,trial_0005,prediction,valid,,b1_current,touch_minus_200ms
1,trial_0005,prediction,valid,,b2_linear,touch_minus_200ms
1,trial_0006,prediction,invalid,baseline_touches_required_for_b0,b0_mean,centerline_crossing
1,trial_0006,prediction,invalid,no_left_to_right_crossing_before_touch,b1_current,centerline_crossing
1,trial_0006,prediction,invalid,no_left_to_right_crossing_before_touch,b2_linear,centerline_crossing
1,trial_0006,prediction,invalid,baseline_touches_required_for_b0,b0_mean,touch_minus_50ms
1,trial_0006,prediction,valid,,b1_current,touch_minus_50ms
1,trial_0006,prediction,valid,,b2_linear,touch_minus_50ms
1,trial_0006,prediction,invalid,baseline_touches_required_for_b0,b0_mean,touch_minus_100ms
1,trial_0006,prediction,valid,,b1_current,touch_minus_100ms
1,trial_0006,prediction,valid,,b2_linear,touch_minus_100ms
1,trial_0006,prediction,invalid,baseline_touches_required_for_b0,b0_mean,touch_minus_150ms
1,trial_0006,prediction,valid,,b1_current,touch_minus_150ms
1,trial_0006,prediction,valid,,b2_linear,touch_minus_150ms
1,trial_0006,prediction,invalid,baseline_touches_required_for_b0,b0_mean,touch_minus_200ms
1,trial_0006,prediction,valid,,b1_current,touch_minus_200ms
1,trial_0006,prediction,valid,,b2_linear,touch_minus_200ms
1,trial_0007,prediction,invalid,baseline_touches_required_for_b0,b0_mean,centerline_crossing
1,trial_0007,prediction,invalid,no_left_to_right_crossing_before_touch,b1_current,centerline_crossing
1,trial_0007,prediction,invalid,no_left_to_right_crossing_before_touch,b2_linear,centerline_crossing
1,trial_0007,prediction,invalid,baseline_touches_required_for_b0,b0_mean,touch_minus_50ms
1,trial_0007,prediction,valid,,b1_current,touch_minus_50ms
1,trial_0007,prediction,valid,,b2_linear,touch_minus_50ms
1,trial_0007,prediction,invalid,baseline_touches_required_for_b0,b0_mean,touch_minus_100ms
1,trial_0007,prediction,valid,,b1_current,touch_minus_100ms
1,trial_0007,prediction,valid,,b2_linear,touch_minus_100ms
1,trial_0007,prediction,invalid,baseline_touches_required_for_b0,b0_mean,touch_minus_150ms
1,trial_0007,prediction,valid,,b1_current,touch_minus_150ms
1,trial_0007,prediction,valid,,b2_linear,touch_minus_150ms
1,trial_0007,prediction,invalid,baseline_touches_required_for_b0,b0_mean,touch_minus_200ms
1,trial_0007,prediction,valid,,b1_current,touch_minus_200ms
1,trial_0007,prediction,valid,,b2_linear,touch_minus_200ms
1,trial_0008,prediction,invalid,baseline_touches_required_for_b0,b0_mean,centerline_crossing
1,trial_0008,prediction,valid,,b1_current,centerline_crossing
1,trial_0008,prediction,valid,,b2_linear,centerline_crossing
1,trial_0008,prediction,invalid,baseline_touches_required_for_b0,b0_mean,touch_minus_50ms
1,trial_0008,prediction,valid,,b1_current,touch_minus_50ms
1,trial_0008,prediction,valid,,b2_linear,touch_minus_50ms
1,trial_0008,prediction,invalid,baseline_touches_required_for_b0,b0_mean,touch_minus_100ms
1,trial_0008,prediction,valid,,b1_current,touch_minus_100ms
1,trial_0008,prediction,valid,,b2_linear,touch_minus_100ms
1,trial_0008,prediction,invalid,baseline_touches_required_for_b0,b0_mean,touch_minus_150ms
1,trial_0008,prediction,valid,,b1_current,touch_minus_150ms
1,trial_0008,prediction,valid,,b2_linear,touch_minus_150ms
1,trial_0008,prediction,invalid,baseline_touches_required_for_b0,b0_mean,touch_minus_200ms
1,trial_0008,prediction,valid,,b1_current,touch_minus_200ms
1,trial_0008,prediction,valid,,b2_linear,touch_minus_200ms
1,trial_0009,prediction,invalid,baseline_touches_required_for_b0,b0_mean,centerline_crossing
1,trial_0009,prediction,valid,,b1_current,centerline_crossing
1,trial_0009,prediction,valid,,b2_linear,centerline_crossing
1,trial_0009,prediction,invalid,baseline_touches_required_for_b0,b0_mean,touch_minus_50ms
1,trial_0009,prediction,valid,,b1_current,touch_minus_50ms
1,trial_0009,prediction,valid,,b2_linear,touch_minus_50ms
1,trial_0009,prediction,invalid,baseline_touches_required_for_b0,b0_mean,touch_minus_100ms
1,trial_0009,prediction,valid,,b1_current,touch_minus_100ms
1,trial_0009,prediction,valid,,b2_linear,touch_minus_100ms
1,trial_0009,prediction,invalid,baseline_touches_required_for_b0,b0_mean,touch_minus_150ms
1,trial_0009,prediction,valid,,b1_current,touch_minus_150ms
1,trial_0009,prediction,valid,,b2_linear,touch_minus_150ms
1,trial_0009,prediction,invalid,baseline_touches_required_for_b0,b0_mean,touch_minus_200ms
1,trial_0009,prediction,valid,,b1_current,touch_minus_200ms
1,trial_0009,prediction,valid,,b2_linear,touch_minus_200ms
1,trial_0010,prediction,invalid,baseline_touches_required_for_b0,b0_mean,centerline_crossing
1,trial_0010,prediction,invalid,no_left_to_right_crossing_before_touch,b1_current,centerline_crossing
1,trial_0010,prediction,invalid,no_left_to_right_crossing_before_touch,b2_linear,centerline_crossing
1,trial_0010,prediction,invalid,baseline_touches_required_for_b0,b0_mean,touch_minus_50ms
1,trial_0010,prediction,valid,,b1_current,touch_minus_50ms
1,trial_0010,prediction,valid,,b2_linear,touch_minus_50ms
1,trial_0010,prediction,invalid,baseline_touches_required_for_b0,b0_mean,touch_minus_100ms
1,trial_0010,prediction,valid,,b1_current,touch_minus_100ms
1,trial_0010,prediction,valid,,b2_linear,touch_minus_100ms
1,trial_0010,prediction,invalid,baseline_touches_required_for_b0,b0_mean,touch_minus_150ms
1,trial_0010,prediction,valid,,b1_current,touch_minus_150ms
1,trial_0010,prediction,valid,,b2_linear,touch_minus_150ms
1,trial_0010,prediction,invalid,baseline_touches_required_for_b0,b0_mean,touch_minus_200ms
1,trial_0010,prediction,valid,,b1_current,touch_minus_200ms
1,trial_0010,prediction,valid,,b2_linear,touch_minus_200ms
1,trial_0011,prediction,invalid,baseline_touches_required_for_b0,b0_mean,centerline_crossing
1,trial_0011,prediction,invalid,no_left_to_right_crossing_before_touch,b1_current,centerline_crossing
1,trial_0011,prediction,invalid,no_left_to_right_crossing_before_touch,b2_linear,centerline_crossing
1,trial_0011,prediction,invalid,baseline_touches_required_for_b0,b0_mean,touch_minus_50ms
1,trial_0011,prediction,valid,,b1_current,touch_minus_50ms
1,trial_0011,prediction,valid,,b2_linear,touch_minus_50ms
1,trial_0011,prediction,invalid,baseline_touches_required_for_b0,b0_mean,touch_minus_100ms
1,trial_0011,prediction,valid,,b1_current,touch_minus_100ms
1,trial_0011,prediction,valid,,b2_linear,touch_minus_100ms
1,trial_0011,prediction,invalid,baseline_touches_required_for_b0,b0_mean,touch_minus_150ms
1,trial_0011,prediction,valid,,b1_current,touch_minus_150ms
1,trial_0011,prediction,valid,,b2_linear,touch_minus_150ms
1,trial_0011,prediction,invalid,baseline_touches_required_for_b0,b0_mean,touch_minus_200ms
1,trial_0011,prediction,valid,,b1_current,touch_minus_200ms
1,trial_0011,prediction,valid,,b2_linear,touch_minus_200ms
1,trial_0012,prediction,invalid,baseline_touches_required_for_b0,b0_mean,centerline_crossing
1,trial_0012,prediction,invalid,no_left_to_right_crossing_before_touch,b1_current,centerline_crossing
1,trial_0012,prediction,invalid,no_left_to_right_crossing_before_touch,b2_linear,centerline_crossing
1,trial_0012,prediction,invalid,baseline_touches_required_for_b0,b0_mean,touch_minus_50ms
1,trial_0012,prediction,valid,,b1_current,touch_minus_50ms
1,trial_0012,prediction,valid,,b2_linear,touch_minus_50ms
1,trial_0012,prediction,invalid,baseline_touches_required_for_b0,b0_mean,touch_minus_100ms
1,trial_0012,prediction,valid,,b1_current,touch_minus_100ms
1,trial_0012,prediction,valid,,b2_linear,touch_minus_100ms
1,trial_0012,prediction,invalid,baseline_touches_required_for_b0,b0_mean,touch_minus_150ms
1,trial_0012,prediction,valid,,b1_current,touch_minus_150ms
1,trial_0012,prediction,valid,,b2_linear,touch_minus_150ms
1,trial_0012,prediction,invalid,baseline_touches_required_for_b0,b0_mean,touch_minus_200ms
1,trial_0012,prediction,valid,,b1_current,touch_minus_200ms
1,trial_0012,prediction,valid,,b2_linear,touch_minus_200ms
1,trial_0013,prediction,invalid,baseline_touches_required_for_b0,b0_mean,centerline_crossing
1,trial_0013,prediction,valid,,b1_current,centerline_crossing
1,trial_0013,prediction,valid,,b2_linear,centerline_crossing
1,trial_0013,prediction,invalid,baseline_touches_required_for_b0,b0_mean,touch_minus_50ms
1,trial_0013,prediction,valid,,b1_current,touch_minus_50ms
1,trial_0013,prediction,valid,,b2_linear,touch_minus_50ms
1,trial_0013,prediction,invalid,baseline_touches_required_for_b0,b0_mean,touch_minus_100ms
1,trial_0013,prediction,valid,,b1_current,touch_minus_100ms
1,trial_0013,prediction,valid,,b2_linear,touch_minus_100ms
1,trial_0013,prediction,invalid,baseline_touches_required_for_b0,b0_mean,touch_minus_150ms
1,trial_0013,prediction,valid,,b1_current,touch_minus_150ms
1,trial_0013,prediction,valid,,b2_linear,touch_minus_150ms
1,trial_0013,prediction,invalid,baseline_touches_required_for_b0,b0_mean,touch_minus_200ms
1,trial_0013,prediction,valid,,b1_current,touch_minus_200ms
1,trial_0013,prediction,valid,,b2_linear,touch_minus_200ms
1,trial_0014,prediction,invalid,baseline_touches_required_for_b0,b0_mean,centerline_crossing
1,trial_0014,prediction,valid,,b1_current,centerline_crossing
1,trial_0014,prediction,valid,,b2_linear,centerline_crossing
1,trial_0014,prediction,invalid,baseline_touches_required_for_b0,b0_mean,touch_minus_50ms
1,trial_0014,prediction,valid,,b1_current,touch_minus_50ms
1,trial_0014,prediction,valid,,b2_linear,touch_minus_50ms
1,trial_0014,prediction,invalid,baseline_touches_required_for_b0,b0_mean,touch_minus_100ms
1,trial_0014,prediction,valid,,b1_current,touch_minus_100ms
1,trial_0014,prediction,valid,,b2_linear,touch_minus_100ms
1,trial_0014,prediction,invalid,baseline_touches_required_for_b0,b0_mean,touch_minus_150ms
1,trial_0014,prediction,valid,,b1_current,touch_minus_150ms
1,trial_0014,prediction,valid,,b2_linear,touch_minus_150ms
1,trial_0014,prediction,invalid,baseline_touches_required_for_b0,b0_mean,touch_minus_200ms
1,trial_0014,prediction,valid,,b1_current,touch_minus_200ms
1,trial_0014,prediction,valid,,b2_linear,touch_minus_200ms
1,trial_0015,prediction,invalid,baseline_touches_required_for_b0,b0_mean,centerline_crossing
1,trial_0015,prediction,valid,,b1_current,centerline_crossing
1,trial_0015,prediction,valid,,b2_linear,centerline_crossing
1,trial_0015,prediction,invalid,baseline_touches_required_for_b0,b0_mean,touch_minus_50ms
1,trial_0015,prediction,valid,,b1_current,touch_minus_50ms
1,trial_0015,prediction,valid,,b2_linear,touch_minus_50ms
1,trial_0015,prediction,invalid,baseline_touches_required_for_b0,b0_mean,touch_minus_100ms
1,trial_0015,prediction,valid,,b1_current,touch_minus_100ms
1,trial_0015,prediction,valid,,b2_linear,touch_minus_100ms
1,trial_0015,prediction,invalid,baseline_touches_required_for_b0,b0_mean,touch_minus_150ms
1,trial_0015,prediction,valid,,b1_current,touch_minus_150ms
1,trial_0015,prediction,valid,,b2_linear,touch_minus_150ms
1,trial_0015,prediction,invalid,baseline_touches_required_for_b0,b0_mean,touch_minus_200ms
1,trial_0015,prediction,valid,,b1_current,touch_minus_200ms
1,trial_0015,prediction,valid,,b2_linear,touch_minus_200ms
1,trial_0016,prediction,invalid,baseline_touches_required_for_b0,b0_mean,centerline_crossing
1,trial_0016,prediction,valid,,b1_current,centerline_crossing
1,trial_0016,prediction,valid,,b2_linear,centerline_crossing
1,trial_0016,prediction,invalid,baseline_touches_required_for_b0,b0_mean,touch_minus_50ms
1,trial_0016,prediction,valid,,b1_current,touch_minus_50ms
1,trial_0016,prediction,valid,,b2_linear,touch_minus_50ms
1,trial_0016,prediction,invalid,baseline_touches_required_for_b0,b0_mean,touch_minus_100ms
1,trial_0016,prediction,valid,,b1_current,touch_minus_100ms
1,trial_0016,prediction,valid,,b2_linear,touch_minus_100ms
1,trial_0016,prediction,invalid,baseline_touches_required_for_b0,b0_mean,touch_minus_150ms
1,trial_0016,prediction,valid,,b1_current,touch_minus_150ms
1,trial_0016,prediction,valid,,b2_linear,touch_minus_150ms
1,trial_0016,prediction,invalid,baseline_touches_required_for_b0,b0_mean,touch_minus_200ms
1,trial_0016,prediction,valid,,b1_current,touch_minus_200ms
1,trial_0016,prediction,valid,,b2_linear,touch_minus_200ms
1,trial_0017,prediction,invalid,baseline_touches_required_for_b0,b0_mean,centerline_crossing
1,trial_0017,prediction,valid,,b1_current,centerline_crossing
1,trial_0017,prediction,valid,,b2_linear,centerline_crossing
1,trial_0017,prediction,invalid,baseline_touches_required_for_b0,b0_mean,touch_minus_50ms
1,trial_0017,prediction,valid,,b1_current,touch_minus_50ms
1,trial_0017,prediction,valid,,b2_linear,touch_minus_50ms
1,trial_0017,prediction,invalid,baseline_touches_required_for_b0,b0_mean,touch_minus_100ms
1,trial_0017,prediction,valid,,b1_current,touch_minus_100ms
1,trial_0017,prediction,valid,,b2_linear,touch_minus_100ms
1,trial_0017,prediction,invalid,baseline_touches_required_for_b0,b0_mean,touch_minus_150ms
1,trial_0017,prediction,valid,,b1_current,touch_minus_150ms
1,trial_0017,prediction,valid,,b2_linear,touch_minus_150ms
1,trial_0017,prediction,invalid,baseline_touches_required_for_b0,b0_mean,touch_minus_200ms
1,trial_0017,prediction,valid,,b1_current,touch_minus_200ms
1,trial_0017,prediction,invalid,insufficient_history,b2_linear,touch_minus_200ms
1,trial_0018,prediction,invalid,baseline_touches_required_for_b0,b0_mean,centerline_crossing
1,trial_0018,prediction,invalid,no_left_to_right_crossing_before_touch,b1_current,centerline_crossing
1,trial_0018,prediction,invalid,no_left_to_right_crossing_before_touch,b2_linear,centerline_crossing
1,trial_0018,prediction,invalid,baseline_touches_required_for_b0,b0_mean,touch_minus_50ms
1,trial_0018,prediction,invalid,no_valid_frame_at_cutoff,b1_current,touch_minus_50ms
1,trial_0018,prediction,invalid,no_valid_frame_at_cutoff,b2_linear,touch_minus_50ms
1,trial_0018,prediction,invalid,baseline_touches_required_for_b0,b0_mean,touch_minus_100ms
1,trial_0018,prediction,invalid,no_valid_frame_at_cutoff,b1_current,touch_minus_100ms
1,trial_0018,prediction,invalid,no_valid_frame_at_cutoff,b2_linear,touch_minus_100ms
1,trial_0018,prediction,invalid,baseline_touches_required_for_b0,b0_mean,touch_minus_150ms
1,trial_0018,prediction,invalid,no_valid_frame_at_cutoff,b1_current,touch_minus_150ms
1,trial_0018,prediction,invalid,no_valid_frame_at_cutoff,b2_linear,touch_minus_150ms
1,trial_0018,prediction,invalid,baseline_touches_required_for_b0,b0_mean,touch_minus_200ms
1,trial_0018,prediction,invalid,no_valid_frame_at_cutoff,b1_current,touch_minus_200ms
1,trial_0018,prediction,invalid,no_valid_frame_at_cutoff,b2_linear,touch_minus_200ms
1,trial_0019,prediction,invalid,baseline_touches_required_for_b0,b0_mean,centerline_crossing
1,trial_0019,prediction,invalid,no_left_to_right_crossing_before_touch,b1_current,centerline_crossing
1,trial_0019,prediction,invalid,no_left_to_right_crossing_before_touch,b2_linear,centerline_crossing
1,trial_0019,prediction,invalid,baseline_touches_required_for_b0,b0_mean,touch_minus_50ms
1,trial_0019,prediction,valid,,b1_current,touch_minus_50ms
1,trial_0019,prediction,valid,,b2_linear,touch_minus_50ms
1,trial_0019,prediction,invalid,baseline_touches_required_for_b0,b0_mean,touch_minus_100ms
1,trial_0019,prediction,valid,,b1_current,touch_minus_100ms
1,trial_0019,prediction,valid,,b2_linear,touch_minus_100ms
1,trial_0019,prediction,invalid,baseline_touches_required_for_b0,b0_mean,touch_minus_150ms
1,trial_0019,prediction,valid,,b1_current,touch_minus_150ms
1,trial_0019,prediction,valid,,b2_linear,touch_minus_150ms
1,trial_0019,prediction,invalid,baseline_touches_required_for_b0,b0_mean,touch_minus_200ms
1,trial_0019,prediction,valid,,b1_current,touch_minus_200ms
1,trial_0019,prediction,valid,,b2_linear,touch_minus_200ms
1,trial_0020,prediction,invalid,baseline_touches_required_for_b0,b0_mean,centerline_crossing
1,trial_0020,prediction,invalid,no_left_to_right_crossing_before_touch,b1_current,centerline_crossing
1,trial_0020,prediction,invalid,no_left_to_right_crossing_before_touch,b2_linear,centerline_crossing
1,trial_0020,prediction,invalid,baseline_touches_required_for_b0,b0_mean,touch_minus_50ms
1,trial_0020,prediction,invalid,no_valid_frame_at_cutoff,b1_current,touch_minus_50ms
1,trial_0020,prediction,invalid,no_valid_frame_at_cutoff,b2_linear,touch_minus_50ms
1,trial_0020,prediction,invalid,baseline_touches_required_for_b0,b0_mean,touch_minus_100ms
1,trial_0020,prediction,invalid,no_valid_frame_at_cutoff,b1_current,touch_minus_100ms
1,trial_0020,prediction,invalid,no_valid_frame_at_cutoff,b2_linear,touch_minus_100ms
1,trial_0020,prediction,invalid,baseline_touches_required_for_b0,b0_mean,touch_minus_150ms
1,trial_0020,prediction,invalid,no_valid_frame_at_cutoff,b1_current,touch_minus_150ms
1,trial_0020,prediction,invalid,no_valid_frame_at_cutoff,b2_linear,touch_minus_150ms
1,trial_0020,prediction,invalid,baseline_touches_required_for_b0,b0_mean,touch_minus_200ms
1,trial_0020,prediction,invalid,no_valid_frame_at_cutoff,b1_current,touch_minus_200ms
1,trial_0020,prediction,invalid,no_valid_frame_at_cutoff,b2_linear,touch_minus_200ms
1,trial_0021,prediction,invalid,baseline_touches_required_for_b0,b0_mean,centerline_crossing
1,trial_0021,prediction,valid,,b1_current,centerline_crossing
1,trial_0021,prediction,valid,,b2_linear,centerline_crossing
1,trial_0021,prediction,invalid,baseline_touches_required_for_b0,b0_mean,touch_minus_50ms
1,trial_0021,prediction,valid,,b1_current,touch_minus_50ms
1,trial_0021,prediction,valid,,b2_linear,touch_minus_50ms
1,trial_0021,prediction,invalid,baseline_touches_required_for_b0,b0_mean,touch_minus_100ms
1,trial_0021,prediction,valid,,b1_current,touch_minus_100ms
1,trial_0021,prediction,valid,,b2_linear,touch_minus_100ms
1,trial_0021,prediction,invalid,baseline_touches_required_for_b0,b0_mean,touch_minus_150ms
1,trial_0021,prediction,valid,,b1_current,touch_minus_150ms
1,trial_0021,prediction,valid,,b2_linear,touch_minus_150ms
1,trial_0021,prediction,invalid,baseline_touches_required_for_b0,b0_mean,touch_minus_200ms
1,trial_0021,prediction,valid,,b1_current,touch_minus_200ms
1,trial_0021,prediction,valid,,b2_linear,touch_minus_200ms
1,trial_0022,prediction,invalid,baseline_touches_required_for_b0,b0_mean,centerline_crossing
1,trial_0022,prediction,invalid,no_left_to_right_crossing_before_touch,b1_current,centerline_crossing
1,trial_0022,prediction,invalid,no_left_to_right_crossing_before_touch,b2_linear,centerline_crossing
1,trial_0022,prediction,invalid,baseline_touches_required_for_b0,b0_mean,touch_minus_50ms
1,trial_0022,prediction,valid,,b1_current,touch_minus_50ms
1,trial_0022,prediction,valid,,b2_linear,touch_minus_50ms
1,trial_0022,prediction,invalid,baseline_touches_required_for_b0,b0_mean,touch_minus_100ms
1,trial_0022,prediction,valid,,b1_current,touch_minus_100ms
1,trial_0022,prediction,valid,,b2_linear,touch_minus_100ms
1,trial_0022,prediction,invalid,baseline_touches_required_for_b0,b0_mean,touch_minus_150ms
1,trial_0022,prediction,valid,,b1_current,touch_minus_150ms
1,trial_0022,prediction,valid,,b2_linear,touch_minus_150ms
1,trial_0022,prediction,invalid,baseline_touches_required_for_b0,b0_mean,touch_minus_200ms
1,trial_0022,prediction,valid,,b1_current,touch_minus_200ms
1,trial_0022,prediction,valid,,b2_linear,touch_minus_200ms
1,trial_0023,prediction,invalid,baseline_touches_required_for_b0,b0_mean,centerline_crossing
1,trial_0023,prediction,valid,,b1_current,centerline_crossing
1,trial_0023,prediction,valid,,b2_linear,centerline_crossing
1,trial_0023,prediction,invalid,baseline_touches_required_for_b0,b0_mean,touch_minus_50ms
1,trial_0023,prediction,valid,,b1_current,touch_minus_50ms
1,trial_0023,prediction,valid,,b2_linear,touch_minus_50ms
1,trial_0023,prediction,invalid,baseline_touches_required_for_b0,b0_mean,touch_minus_100ms
1,trial_0023,prediction,valid,,b1_current,touch_minus_100ms
1,trial_0023,prediction,valid,,b2_linear,touch_minus_100ms
1,trial_0023,prediction,invalid,baseline_touches_required_for_b0,b0_mean,touch_minus_150ms
1,trial_0023,prediction,valid,,b1_current,touch_minus_150ms
1,trial_0023,prediction,valid,,b2_linear,touch_minus_150ms
1,trial_0023,prediction,invalid,baseline_touches_required_for_b0,b0_mean,touch_minus_200ms
1,trial_0023,prediction,valid,,b1_current,touch_minus_200ms
1,trial_0023,prediction,valid,,b2_linear,touch_minus_200ms
1,trial_0024,prediction,invalid,baseline_touches_required_for_b0,b0_mean,centerline_crossing
1,trial_0024,prediction,valid,,b1_current,centerline_crossing
1,trial_0024,prediction,valid,,b2_linear,centerline_crossing
1,trial_0024,prediction,invalid,baseline_touches_required_for_b0,b0_mean,touch_minus_50ms
1,trial_0024,prediction,valid,,b1_current,touch_minus_50ms
1,trial_0024,prediction,valid,,b2_linear,touch_minus_50ms
1,trial_0024,prediction,invalid,baseline_touches_required_for_b0,b0_mean,touch_minus_100ms
1,trial_0024,prediction,valid,,b1_current,touch_minus_100ms
1,trial_0024,prediction,valid,,b2_linear,touch_minus_100ms
1,trial_0024,prediction,invalid,baseline_touches_required_for_b0,b0_mean,touch_minus_150ms
1,trial_0024,prediction,valid,,b1_current,touch_minus_150ms
1,trial_0024,prediction,valid,,b2_linear,touch_minus_150ms
1,trial_0024,prediction,invalid,baseline_touches_required_for_b0,b0_mean,touch_minus_200ms
1,trial_0024,prediction,valid,,b1_current,touch_minus_200ms
1,trial_0024,prediction,valid,,b2_linear,touch_minus_200ms
1,trial_0025,prediction,invalid,baseline_touches_required_for_b0,b0_mean,centerline_crossing
1,trial_0025,prediction,valid,,b1_current,centerline_crossing
1,trial_0025,prediction,valid,,b2_linear,centerline_crossing
1,trial_0025,prediction,invalid,baseline_touches_required_for_b0,b0_mean,touch_minus_50ms
1,trial_0025,prediction,valid,,b1_current,touch_minus_50ms
1,trial_0025,prediction,valid,,b2_linear,touch_minus_50ms
1,trial_0025,prediction,invalid,baseline_touches_required_for_b0,b0_mean,touch_minus_100ms
1,trial_0025,prediction,valid,,b1_current,touch_minus_100ms
1,trial_0025,prediction,valid,,b2_linear,touch_minus_100ms
1,trial_0025,prediction,invalid,baseline_touches_required_for_b0,b0_mean,touch_minus_150ms
1,trial_0025,prediction,valid,,b1_current,touch_minus_150ms
1,trial_0025,prediction,valid,,b2_linear,touch_minus_150ms
1,trial_0025,prediction,invalid,baseline_touches_required_for_b0,b0_mean,touch_minus_200ms
1,trial_0025,prediction,valid,,b1_current,touch_minus_200ms
1,trial_0025,prediction,valid,,b2_linear,touch_minus_200ms
1,trial_0026,prediction,invalid,baseline_touches_required_for_b0,b0_mean,centerline_crossing
1,trial_0026,prediction,valid,,b1_current,centerline_crossing
1,trial_0026,prediction,valid,,b2_linear,centerline_crossing
1,trial_0026,prediction,invalid,baseline_touches_required_for_b0,b0_mean,touch_minus_50ms
1,trial_0026,prediction,valid,,b1_current,touch_minus_50ms
1,trial_0026,prediction,valid,,b2_linear,touch_minus_50ms
1,trial_0026,prediction,invalid,baseline_touches_required_for_b0,b0_mean,touch_minus_100ms
1,trial_0026,prediction,valid,,b1_current,touch_minus_100ms
1,trial_0026,prediction,valid,,b2_linear,touch_minus_100ms
1,trial_0026,prediction,invalid,baseline_touches_required_for_b0,b0_mean,touch_minus_150ms
1,trial_0026,prediction,valid,,b1_current,touch_minus_150ms
1,trial_0026,prediction,valid,,b2_linear,touch_minus_150ms
1,trial_0026,prediction,invalid,baseline_touches_required_for_b0,b0_mean,touch_minus_200ms
1,trial_0026,prediction,valid,,b1_current,touch_minus_200ms
1,trial_0026,prediction,valid,,b2_linear,touch_minus_200ms
1,trial_0027,prediction,invalid,baseline_touches_required_for_b0,b0_mean,centerline_crossing
1,trial_0027,prediction,invalid,no_left_to_right_crossing_before_touch,b1_current,centerline_crossing
1,trial_0027,prediction,invalid,no_left_to_right_crossing_before_touch,b2_linear,centerline_crossing
1,trial_0027,prediction,invalid,baseline_touches_required_for_b0,b0_mean,touch_minus_50ms
1,trial_0027,prediction,valid,,b1_current,touch_minus_50ms
1,trial_0027,prediction,valid,,b2_linear,touch_minus_50ms
1,trial_0027,prediction,invalid,baseline_touches_required_for_b0,b0_mean,touch_minus_100ms
1,trial_0027,prediction,valid,,b1_current,touch_minus_100ms
1,trial_0027,prediction,valid,,b2_linear,touch_minus_100ms
1,trial_0027,prediction,invalid,baseline_touches_required_for_b0,b0_mean,touch_minus_150ms
1,trial_0027,prediction,valid,,b1_current,touch_minus_150ms
1,trial_0027,prediction,valid,,b2_linear,touch_minus_150ms
1,trial_0027,prediction,invalid,baseline_touches_required_for_b0,b0_mean,touch_minus_200ms
1,trial_0027,prediction,valid,,b1_current,touch_minus_200ms
1,trial_0027,prediction,valid,,b2_linear,touch_minus_200ms
1,trial_0028,prediction,invalid,baseline_touches_required_for_b0,b0_mean,centerline_crossing
1,trial_0028,prediction,valid,,b1_current,centerline_crossing
1,trial_0028,prediction,valid,,b2_linear,centerline_crossing
1,trial_0028,prediction,invalid,baseline_touches_required_for_b0,b0_mean,touch_minus_50ms
1,trial_0028,prediction,valid,,b1_current,touch_minus_50ms
1,trial_0028,prediction,valid,,b2_linear,touch_minus_50ms
1,trial_0028,prediction,invalid,baseline_touches_required_for_b0,b0_mean,touch_minus_100ms
1,trial_0028,prediction,valid,,b1_current,touch_minus_100ms
1,trial_0028,prediction,valid,,b2_linear,touch_minus_100ms
1,trial_0028,prediction,invalid,baseline_touches_required_for_b0,b0_mean,touch_minus_150ms
1,trial_0028,prediction,valid,,b1_current,touch_minus_150ms
1,trial_0028,prediction,valid,,b2_linear,touch_minus_150ms
1,trial_0028,prediction,invalid,baseline_touches_required_for_b0,b0_mean,touch_minus_200ms
1,trial_0028,prediction,valid,,b1_current,touch_minus_200ms
1,trial_0028,prediction,valid,,b2_linear,touch_minus_200ms
1,trial_0029,prediction,invalid,baseline_touches_required_for_b0,b0_mean,centerline_crossing
1,trial_0029,prediction,invalid,no_left_to_right_crossing_before_touch,b1_current,centerline_crossing
1,trial_0029,prediction,invalid,no_left_to_right_crossing_before_touch,b2_linear,centerline_crossing
1,trial_0029,prediction,invalid,baseline_touches_required_for_b0,b0_mean,touch_minus_50ms
1,trial_0029,prediction,valid,,b1_current,touch_minus_50ms
1,trial_0029,prediction,valid,,b2_linear,touch_minus_50ms
1,trial_0029,prediction,invalid,baseline_touches_required_for_b0,b0_mean,touch_minus_100ms
1,trial_0029,prediction,valid,,b1_current,touch_minus_100ms
1,trial_0029,prediction,valid,,b2_linear,touch_minus_100ms
1,trial_0029,prediction,invalid,baseline_touches_required_for_b0,b0_mean,touch_minus_150ms
1,trial_0029,prediction,valid,,b1_current,touch_minus_150ms
1,trial_0029,prediction,valid,,b2_linear,touch_minus_150ms
1,trial_0029,prediction,invalid,baseline_touches_required_for_b0,b0_mean,touch_minus_200ms
1,trial_0029,prediction,valid,,b1_current,touch_minus_200ms
1,trial_0029,prediction,valid,,b2_linear,touch_minus_200ms
1,trial_0030,prediction,invalid,baseline_touches_required_for_b0,b0_mean,centerline_crossing
1,trial_0030,prediction,invalid,no_left_to_right_crossing_before_touch,b1_current,centerline_crossing
1,trial_0030,prediction,invalid,no_left_to_right_crossing_before_touch,b2_linear,centerline_crossing
1,trial_0030,prediction,invalid,baseline_touches_required_for_b0,b0_mean,touch_minus_50ms
1,trial_0030,prediction,invalid,no_valid_frame_at_cutoff,b1_current,touch_minus_50ms
1,trial_0030,prediction,invalid,no_valid_frame_at_cutoff,b2_linear,touch_minus_50ms
1,trial_0030,prediction,invalid,baseline_touches_required_for_b0,b0_mean,touch_minus_100ms
1,trial_0030,prediction,invalid,no_valid_frame_at_cutoff,b1_current,touch_minus_100ms
1,trial_0030,prediction,invalid,no_valid_frame_at_cutoff,b2_linear,touch_minus_100ms
1,trial_0030,prediction,invalid,baseline_touches_required_for_b0,b0_mean,touch_minus_150ms
1,trial_0030,prediction,invalid,no_valid_frame_at_cutoff,b1_current,touch_minus_150ms
1,trial_0030,prediction,invalid,no_valid_frame_at_cutoff,b2_linear,touch_minus_150ms
1,trial_0030,prediction,invalid,baseline_touches_required_for_b0,b0_mean,touch_minus_200ms
1,trial_0030,prediction,invalid,no_valid_frame_at_cutoff,b1_current,touch_minus_200ms
1,trial_0030,prediction,invalid,no_valid_frame_at_cutoff,b2_linear,touch_minus_200ms
1,trial_0031,prediction,invalid,baseline_touches_required_for_b0,b0_mean,centerline_crossing
1,trial_0031,prediction,invalid,no_left_to_right_crossing_before_touch,b1_current,centerline_crossing
1,trial_0031,prediction,invalid,no_left_to_right_crossing_before_touch,b2_linear,centerline_crossing
1,trial_0031,prediction,invalid,baseline_touches_required_for_b0,b0_mean,touch_minus_50ms
1,trial_0031,prediction,valid,,b1_current,touch_minus_50ms
1,trial_0031,prediction,valid,,b2_linear,touch_minus_50ms
1,trial_0031,prediction,invalid,baseline_touches_required_for_b0,b0_mean,touch_minus_100ms
1,trial_0031,prediction,valid,,b1_current,touch_minus_100ms
1,trial_0031,prediction,valid,,b2_linear,touch_minus_100ms
1,trial_0031,prediction,invalid,baseline_touches_required_for_b0,b0_mean,touch_minus_150ms
1,trial_0031,prediction,valid,,b1_current,touch_minus_150ms
1,trial_0031,prediction,valid,,b2_linear,touch_minus_150ms
1,trial_0031,prediction,invalid,baseline_touches_required_for_b0,b0_mean,touch_minus_200ms
1,trial_0031,prediction,valid,,b1_current,touch_minus_200ms
1,trial_0031,prediction,valid,,b2_linear,touch_minus_200ms
1,trial_0032,prediction,invalid,baseline_touches_required_for_b0,b0_mean,centerline_crossing
1,trial_0032,prediction,invalid,no_left_to_right_crossing_before_touch,b1_current,centerline_crossing
1,trial_0032,prediction,invalid,no_left_to_right_crossing_before_touch,b2_linear,centerline_crossing
1,trial_0032,prediction,invalid,baseline_touches_required_for_b0,b0_mean,touch_minus_50ms
1,trial_0032,prediction,valid,,b1_current,touch_minus_50ms
1,trial_0032,prediction,valid,,b2_linear,touch_minus_50ms
1,trial_0032,prediction,invalid,baseline_touches_required_for_b0,b0_mean,touch_minus_100ms
1,trial_0032,prediction,valid,,b1_current,touch_minus_100ms
1,trial_0032,prediction,valid,,b2_linear,touch_minus_100ms
1,trial_0032,prediction,invalid,baseline_touches_required_for_b0,b0_mean,touch_minus_150ms
1,trial_0032,prediction,valid,,b1_current,touch_minus_150ms
1,trial_0032,prediction,invalid,insufficient_history,b2_linear,touch_minus_150ms
1,trial_0032,prediction,invalid,baseline_touches_required_for_b0,b0_mean,touch_minus_200ms
1,trial_0032,prediction,valid,,b1_current,touch_minus_200ms
1,trial_0032,prediction,invalid,insufficient_history,b2_linear,touch_minus_200ms
1,trial_0033,prediction,invalid,baseline_touches_required_for_b0,b0_mean,centerline_crossing
1,trial_0033,prediction,valid,,b1_current,centerline_crossing
1,trial_0033,prediction,valid,,b2_linear,centerline_crossing
1,trial_0033,prediction,invalid,baseline_touches_required_for_b0,b0_mean,touch_minus_50ms
1,trial_0033,prediction,valid,,b1_current,touch_minus_50ms
1,trial_0033,prediction,valid,,b2_linear,touch_minus_50ms
1,trial_0033,prediction,invalid,baseline_touches_required_for_b0,b0_mean,touch_minus_100ms
1,trial_0033,prediction,valid,,b1_current,touch_minus_100ms
1,trial_0033,prediction,valid,,b2_linear,touch_minus_100ms
1,trial_0033,prediction,invalid,baseline_touches_required_for_b0,b0_mean,touch_minus_150ms
1,trial_0033,prediction,valid,,b1_current,touch_minus_150ms
1,trial_0033,prediction,valid,,b2_linear,touch_minus_150ms
1,trial_0033,prediction,invalid,baseline_touches_required_for_b0,b0_mean,touch_minus_200ms
1,trial_0033,prediction,valid,,b1_current,touch_minus_200ms
1,trial_0033,prediction,valid,,b2_linear,touch_minus_200ms
1,trial_0034,prediction,invalid,baseline_touches_required_for_b0,b0_mean,centerline_crossing
1,trial_0034,prediction,valid,,b1_current,centerline_crossing
1,trial_0034,prediction,valid,,b2_linear,centerline_crossing
1,trial_0034,prediction,invalid,baseline_touches_required_for_b0,b0_mean,touch_minus_50ms
1,trial_0034,prediction,valid,,b1_current,touch_minus_50ms
1,trial_0034,prediction,valid,,b2_linear,touch_minus_50ms
1,trial_0034,prediction,invalid,baseline_touches_required_for_b0,b0_mean,touch_minus_100ms
1,trial_0034,prediction,valid,,b1_current,touch_minus_100ms
1,trial_0034,prediction,valid,,b2_linear,touch_minus_100ms
1,trial_0034,prediction,invalid,baseline_touches_required_for_b0,b0_mean,touch_minus_150ms
1,trial_0034,prediction,valid,,b1_current,touch_minus_150ms
1,trial_0034,prediction,valid,,b2_linear,touch_minus_150ms
1,trial_0034,prediction,invalid,baseline_touches_required_for_b0,b0_mean,touch_minus_200ms
1,trial_0034,prediction,valid,,b1_current,touch_minus_200ms
1,trial_0034,prediction,valid,,b2_linear,touch_minus_200ms
1,trial_0035,prediction,invalid,baseline_touches_required_for_b0,b0_mean,centerline_crossing
1,trial_0035,prediction,valid,,b1_current,centerline_crossing
1,trial_0035,prediction,valid,,b2_linear,centerline_crossing
1,trial_0035,prediction,invalid,baseline_touches_required_for_b0,b0_mean,touch_minus_50ms
1,trial_0035,prediction,valid,,b1_current,touch_minus_50ms
1,trial_0035,prediction,valid,,b2_linear,touch_minus_50ms
1,trial_0035,prediction,invalid,baseline_touches_required_for_b0,b0_mean,touch_minus_100ms
1,trial_0035,prediction,valid,,b1_current,touch_minus_100ms
1,trial_0035,prediction,valid,,b2_linear,touch_minus_100ms
1,trial_0035,prediction,invalid,baseline_touches_required_for_b0,b0_mean,touch_minus_150ms
1,trial_0035,prediction,valid,,b1_current,touch_minus_150ms
1,trial_0035,prediction,valid,,b2_linear,touch_minus_150ms
1,trial_0035,prediction,invalid,baseline_touches_required_for_b0,b0_mean,touch_minus_200ms
1,trial_0035,prediction,valid,,b1_current,touch_minus_200ms
1,trial_0035,prediction,valid,,b2_linear,touch_minus_200ms
1,trial_0036,prediction,invalid,baseline_touches_required_for_b0,b0_mean,centerline_crossing
1,trial_0036,prediction,invalid,no_left_to_right_crossing_before_touch,b1_current,centerline_crossing
1,trial_0036,prediction,invalid,no_left_to_right_crossing_before_touch,b2_linear,centerline_crossing
1,trial_0036,prediction,invalid,baseline_touches_required_for_b0,b0_mean,touch_minus_50ms
1,trial_0036,prediction,valid,,b1_current,touch_minus_50ms
1,trial_0036,prediction,valid,,b2_linear,touch_minus_50ms
1,trial_0036,prediction,invalid,baseline_touches_required_for_b0,b0_mean,touch_minus_100ms
1,trial_0036,prediction,valid,,b1_current,touch_minus_100ms
1,trial_0036,prediction,valid,,b2_linear,touch_minus_100ms
1,trial_0036,prediction,invalid,baseline_touches_required_for_b0,b0_mean,touch_minus_150ms
1,trial_0036,prediction,valid,,b1_current,touch_minus_150ms
1,trial_0036,prediction,valid,,b2_linear,touch_minus_150ms
1,trial_0036,prediction,invalid,baseline_touches_required_for_b0,b0_mean,touch_minus_200ms
1,trial_0036,prediction,valid,,b1_current,touch_minus_200ms
1,trial_0036,prediction,valid,,b2_linear,touch_minus_200ms
1,trial_0037,prediction,invalid,baseline_touches_required_for_b0,b0_mean,centerline_crossing
1,trial_0037,prediction,valid,,b1_current,centerline_crossing
1,trial_0037,prediction,valid,,b2_linear,centerline_crossing
1,trial_0037,prediction,invalid,baseline_touches_required_for_b0,b0_mean,touch_minus_50ms
1,trial_0037,prediction,valid,,b1_current,touch_minus_50ms
1,trial_0037,prediction,valid,,b2_linear,touch_minus_50ms
1,trial_0037,prediction,invalid,baseline_touches_required_for_b0,b0_mean,touch_minus_100ms
1,trial_0037,prediction,valid,,b1_current,touch_minus_100ms
1,trial_0037,prediction,valid,,b2_linear,touch_minus_100ms
1,trial_0037,prediction,invalid,baseline_touches_required_for_b0,b0_mean,touch_minus_150ms
1,trial_0037,prediction,valid,,b1_current,touch_minus_150ms
1,trial_0037,prediction,valid,,b2_linear,touch_minus_150ms
1,trial_0037,prediction,invalid,baseline_touches_required_for_b0,b0_mean,touch_minus_200ms
1,trial_0037,prediction,valid,,b1_current,touch_minus_200ms
1,trial_0037,prediction,valid,,b2_linear,touch_minus_200ms
1,trial_0038,prediction,invalid,baseline_touches_required_for_b0,b0_mean,centerline_crossing
1,trial_0038,prediction,invalid,no_left_to_right_crossing_before_touch,b1_current,centerline_crossing
1,trial_0038,prediction,invalid,no_left_to_right_crossing_before_touch,b2_linear,centerline_crossing
1,trial_0038,prediction,invalid,baseline_touches_required_for_b0,b0_mean,touch_minus_50ms
1,trial_0038,prediction,valid,,b1_current,touch_minus_50ms
1,trial_0038,prediction,invalid,insufficient_history,b2_linear,touch_minus_50ms
1,trial_0038,prediction,invalid,baseline_touches_required_for_b0,b0_mean,touch_minus_100ms
1,trial_0038,prediction,valid,,b1_current,touch_minus_100ms
1,trial_0038,prediction,invalid,insufficient_history,b2_linear,touch_minus_100ms
1,trial_0038,prediction,invalid,baseline_touches_required_for_b0,b0_mean,touch_minus_150ms
1,trial_0038,prediction,valid,,b1_current,touch_minus_150ms
1,trial_0038,prediction,invalid,insufficient_history,b2_linear,touch_minus_150ms
1,trial_0038,prediction,invalid,baseline_touches_required_for_b0,b0_mean,touch_minus_200ms
1,trial_0038,prediction,valid,,b1_current,touch_minus_200ms
1,trial_0038,prediction,invalid,insufficient_history,b2_linear,touch_minus_200ms
1,trial_0039,prediction,invalid,baseline_touches_required_for_b0,b0_mean,centerline_crossing
1,trial_0039,prediction,invalid,no_left_to_right_crossing_before_touch,b1_current,centerline_crossing
1,trial_0039,prediction,invalid,no_left_to_right_crossing_before_touch,b2_linear,centerline_crossing
1,trial_0039,prediction,invalid,baseline_touches_required_for_b0,b0_mean,touch_minus_50ms
1,trial_0039,prediction,valid,,b1_current,touch_minus_50ms
1,trial_0039,prediction,valid,,b2_linear,touch_minus_50ms
1,trial_0039,prediction,invalid,baseline_touches_required_for_b0,b0_mean,touch_minus_100ms
1,trial_0039,prediction,valid,,b1_current,touch_minus_100ms
1,trial_0039,prediction,valid,,b2_linear,touch_minus_100ms
1,trial_0039,prediction,invalid,baseline_touches_required_for_b0,b0_mean,touch_minus_150ms
1,trial_0039,prediction,valid,,b1_current,touch_minus_150ms
1,trial_0039,prediction,valid,,b2_linear,touch_minus_150ms
1,trial_0039,prediction,invalid,baseline_touches_required_for_b0,b0_mean,touch_minus_200ms
1,trial_0039,prediction,valid,,b1_current,touch_minus_200ms
1,trial_0039,prediction,valid,,b2_linear,touch_minus_200ms
