trial_id,window_before_flash_ms,detected_frames,frames
trial_0000,50,0,1
trial_0001,50,0,1
trial_0002,50,0,1
trial_0003,50,0,1
trial_0004,50,0,1
trial_0005,50,0,1
trial_0006,50,0,1
trial_0007,50,1,1
trial_0008,50,0,1
trial_0009,50,0,1
trial_0010,50,1,1
trial_0011,50,0,1
trial_0012,50,0,1
trial_0013,50,0,1
trial_0014,50,0,1
trial_0015,50,0,1
trial_0016,50,0,1
trial_0017,50,0,1
trial_0018,50,0,1
trial_0019,50,0,1
trial_0020,50,0,1
trial_0021,50,0,1
trial_0022,50,1,1
trial_0023,50,0,1
trial_0024,50,1,1
trial_0025,50,0,1
trial_0026,50,0,1
trial_0027,50,0,1
trial_0028,50,0,1
trial_0029,50,0,1
trial_0000,100,0,3
trial_0001,100,0,3
trial_0002,100,0,3
trial_0003,100,0,3
trial_0004,100,0,3
trial_0005,100,0,3
trial_0006,100,0,3
trial_0007,100,3,3
trial_0008,100,0,3
trial_0009,100,0,3
trial_0010,100,3,3
trial_0011,100,0,3
trial_0012,100,0,3
trial_0013,100,0,3
trial_0014,100,0,3
trial_0015,100,0,3
trial_0016,100,0,3
trial_0017,100,2,3
trial_0018,100,0,3
trial_0019,100,0,3
trial_0020,100,0,3
trial_0021,100,0,3
trial_0022,100,3,3
trial_0023,100,0,3
trial_0024,100,3,3
trial_0025,100,0,3
trial_0026,100,0,3
trial_0027,100,0,3
trial_0028,100,0,3
trial_0029,100,0,3
trial_0000,150,0,4
trial_0001,150,0,4
trial_0002,150,0,4
trial_0003,150,0,4
trial_0004,150,0,4
trial_0005,150,0,4
trial_0006,150,0,4
trial_0007,150,4,4
trial_0008,150,0,4
trial_0009,150,0,4
trial_0010,150,4,4
trial_0011,150,0,4
trial_0012,150,0,4
trial_0013,150,0,4
trial_0014,150,0,4
trial_0015,150,0,4
trial_0016,150,0,4
trial_0017,150,3,4
trial_0018,150,0,4
trial_0019,150,0,4
trial_0020,150,0,4
trial_0021,150,0,4
trial_0022,150,4,4
trial_0023,150,0,4
trial_0024,150,4,4
trial_0025,150,0,4
trial_0026,150,0,4
trial_0027,150,0,4
trial_0028,150,0,4
trial_0029,150,0,4
trial_0000,200,0,6
trial_0001,200,0,6
trial_0002,200,0,6
trial_0003,200,0,6
trial_0004,200,0,6
trial_0005,200,0,6
trial_0006,200,0,6
trial_0007,200,6,6
trial_0008,200,0,6
trial_0009,200,0,6
trial_0010,200,6,6
trial_0011,200,0,6
trial_0012,200,0,6
trial_0013,200,0,6
trial_0014,200,0,6
trial_0015,200,0,6
trial_0016,200,0,6
trial_0017,200,5,6
trial_0018,200,0,6
trial_0019,200,0,6
trial_0020,200,0,6
trial_0021,200,0,6
trial_0022,200,6,6
trial_0023,200,0,6
trial_0024,200,6,6
trial_0025,200,0,6
trial_0026,200,2,6
trial_0027,200,0,6
trial_0028,200,0,6
trial_0029,200,0,6
