frame_index,video_time_ms,hand_detected,thumb_tip_x_px,thumb_tip_y_px,wrist_x_px,wrist_y_px,raw_handedness
0,0.0,0,,,,,
1,32.74444444444445,0,,,,,
2,65.4888888888889,0,,,,,
3,98.23333333333333,0,,,,,
4,130.9777777777778,1,896.6124059446811,583.2188844680786,882.4248587819644,953.1610769033432,Right
5,163.72222222222223,1,895.7092497580776,574.776406288147,892.7737436149213,999.137567281723,Right
6,196.4777777777778,1,902.4640585305682,572.9800075292587,891.9171815181254,1013.5647565126419,Right
7,229.22222222222226,1,902.7785751772094,571.5011340379715,906.6488670715833,1035.7804906368256,Right
8,261.9666666666667,1,902.5675806043296,573.4396550059319,904.5081027926482,1037.7890253067017,Right
9,294.71111111111117,1,902.670867222275,573.7876582145691,907.2537007393339,1047.6714313030243,Right
10,327.4555555555556,1,904.9086654591532,578.9308476448059,908.9707491965255,1041.209635734558,Right
11,360.20000000000005,1,902.4632213543337,573.0768701434135,903.079069121921,1040.4653602838516,Right
12,392.94444444444446,1,906.1932339058951,579.0509301424026,901.9581163055312,1039.6567064523697,Right
13,425.68888888888887,1,903.8253594115638,575.842809677124,901.122902202718,1048.8176733255386,Right
14,458.43333333333334,1,905.5716828752095,576.3348233699799,904.3009539980961,1041.1297380924225,Right
15,491.1777777777778,1,908.5533121965415,573.6327901482582,905.5493930579629,1038.374980688095,Right
16,523.9222222222223,1,903.5169384543809,578.652238547802,898.8978709034176,1042.2863066196442,Right
17,556.6666666666666,1,902.5784115718649,568.0581593513489,896.9839813840626,1036.9165831804276,Right
18,589.4222222222223,1,899.7858271090115,567.8900438547134,900.1469901689751,1038.9057040214539,Left
19,622.1666666666666,1,909.7999199333951,571.5284550189972,901.6284781631523,1036.6932356357574,Right
20,654.9111111111112,1,909.5862306995101,572.3025888204575,900.4684658430665,1043.9766669273376,Right
21,687.6555555555556,1,909.417094938361,572.7146753668785,890.8232014735447,1042.5673645734787,Right
22,720.4000000000001,1,907.1771514373816,567.8484427928925,883.3730916764504,1038.3667194843292,Right
23,753.1444444444445,1,906.382461896675,567.4990233778954,893.2131564910638,1050.5449730157852,Right
24,785.8888888888889,1,907.451065036644,568.4955900907516,888.6420172795322,1041.6172671318054,Right
25,818.6333333333333,1,906.2554204030724,564.9999502301216,896.2749977603747,1046.190905570984,Right
26,851.3777777777777,1,912.0169718967094,563.5615566372871,881.0917079518576,1043.7576270103455,Right
27,884.1222222222223,1,906.2449295383825,566.4181923866272,877.2180673525454,1046.0830968618393,Right
28,916.8666666666667,1,903.7794978509614,564.3433910608292,877.9687266556626,1045.4907095432281,Right
29,949.6222222222223,1,901.3237460137532,566.3526928424835,882.7362621794831,1049.8399382829666,Right
30,982.3666666666667,1,905.935043522789,562.9621177911758,878.7975311279297,1051.562694311142,Right
31,1015.1111111111111,1,901.1699672041576,566.6781252622604,879.9944838493678,1053.9610397815704,Right
32,1047.8555555555556,1,900.1373103187624,560.8756327629089,861.11137215725,1043.0691146850586,Right
33,1080.6,1,902.0288838591134,563.3359667658806,866.7936012026573,1034.1784071922302,Right
34,1113.3444444444444,1,902.6049134320419,562.0684325695038,877.592808364564,1043.6326467990875,Right
35,1146.088888888889,1,904.1629768899289,569.6955299377441,875.801094251948,1052.4970364570618,Right
36,1178.8333333333335,1,906.3297982791663,572.8245788812637,879.5316823621707,1049.3803203105927,Right
37,1211.5777777777778,1,899.8163317180603,573.892280459404,872.2682367036379,1051.08218729496,Right
38,1244.3222222222223,1,906.366372415916,567.5426012277603,874.0581979785128,1050.0016808509827,Right
39,1277.0666666666668,1,905.4549229522383,572.0036217570305,876.4985143788954,1052.2649556398392,Right
40,1309.8222222222223,1,904.7151731019283,566.8884319067001,877.927024814476,1054.7761845588684,Right
41,1342.5666666666666,1,904.4192574647499,567.9235607385635,867.7469094780657,1050.3495955467224,Right
42,1375.3111111111111,1,902.3234914084252,567.3006954789162,876.5101040373933,1052.2952860593796,Right
43,1408.0555555555557,1,908.8110578297731,567.0031446218491,870.3239210605062,1049.7166693210602,Right
44,1440.8000000000002,1,906.9346057851596,565.4866826534271,872.2971716072467,1051.96253657341,Right
45,1473.5444444444445,1,907.3256717337533,567.4662441015244,861.5395093159826,1056.1945152282715,Right
46,1506.288888888889,1,903.2716719793966,568.4218293428421,863.5042049680757,1064.5945662260056,Right
47,1539.0333333333335,1,900.8610230118281,574.136871099472,857.5144967887494,1065.4377400875092,Right
48,1571.7777777777778,1,908.159656233972,578.0795010924339,861.0681529341381,1054.4242572784424,Right
49,1604.5222222222224,1,904.6436468573835,577.8637066483498,855.184556842549,1053.8431406021118,Right
50,1637.2666666666667,1,908.7623184758642,582.3360568284988,854.93070931116,1049.967868924141,Right
51,1670.0111111111112,1,928.7840160088131,584.0917986631393,852.2125027244005,1038.9072382450104,Right
52,1702.7666666666667,1,956.636712363848,604.263002872467,854.2121243225313,1039.0781271457672,Right
53,1735.5111111111112,1,990.2529746678342,621.9832849502563,859.0185885412612,1045.181622505188,Right
54,1768.2555555555557,1,1029.074013945925,645.1071614027023,847.0725545849638,1038.7664437294006,Right
55,1801.0000000000002,1,1066.2201513578855,667.3173487186432,859.9435113099647,1034.0736669301987,Right
56,1833.7444444444445,1,1065.8842867172616,689.0560573339462,836.0903982540368,1035.058343410492,Left
57,1866.488888888889,1,1095.5756837010804,708.7960857152939,854.1887095497194,1030.5846655368805,Right
58,1899.2333333333333,1,1118.530951407143,730.3560572862625,857.5231040069115,1031.818122267723,Right
59,1931.9777777777779,1,1135.547029287287,750.2157551050186,855.425689759875,1046.156326532364,Right
60,1964.7222222222222,1,1152.4766687212068,767.2161912918091,847.904053718236,1065.5822521448135,Right
61,1997.4666666666667,1,1161.370515096649,783.138599395752,841.6101104628998,1068.4132486581802,Right
62,2030.2111111111114,1,1181.4962317767483,798.4426563978195,816.9241117005611,1078.3116459846497,Right
63,2062.9666666666667,1,1193.9753900239505,811.5172505378723,819.6876566127763,1082.9677784442902,Right
64,2095.711111111111,1,1201.8357423377624,821.0430085659027,813.3651970419487,1078.8704574108124,Right
65,2128.4555555555557,1,1208.423168186845,829.2155814170837,810.6661931850706,1079.489221572876,Right
66,2161.2,1,1218.2251414827836,832.5403028726578,814.1319719875823,1080.625491142273,Right
67,2193.9444444444443,1,1220.1992030440015,841.4593935012817,823.9084375701225,1094.3063986301422,Right
68,2226.688888888889,1,1221.6720053347447,842.944403886795,826.4662202609243,1098.0375123023987,Right
69,2259.4333333333334,1,1228.857959868061,852.8535407781601,835.9586999676292,1102.636878490448,Right
70,2292.177777777778,1,1236.4560667263804,867.0197349786758,856.6490920179754,1101.1875092983246,Right
71,2324.9222222222224,1,1249.7615702406601,881.9176948070526,882.2605106224069,1116.6625142097473,Right
72,2357.666666666667,1,1256.6006721952735,890.7341104745865,858.448105260887,1110.6199157238007,Right
73,2390.411111111111,1,1261.0473337654212,897.1567833423615,871.9047714090292,1110.6240463256836,Right
74,2423.1555555555556,1,1262.093280823541,900.7515871524811,873.9021430960294,1098.006591796875,Right
75,2455.9111111111115,1,1270.6906621649005,913.6571216583252,873.0551300406596,1096.9831466674805,Right
76,2488.655555555556,1,1273.5909545826885,913.773250579834,875.1089326382242,1100.4110741615295,Right
77,2521.4,1,1275.0419902913316,922.7007204294205,881.7680940259104,1100.5741739273071,Right
78,2554.1444444444446,1,1276.1082911966555,926.6751265525818,885.6043494739957,1099.6410119533539,Right
79,2586.8888888888887,1,1277.9740954060348,926.531617641449,883.7120695661968,1095.955216884613,Right
80,2619.633333333333,1,1280.7950653755931,935.0467944145203,882.9251500674177,1092.0933401584625,Right
81,2652.3777777777777,1,1280.0902153095635,934.8965585231781,904.5246893467964,1088.860731124878,Right
82,2685.1222222222223,1,1273.8889893222106,936.9184291362762,908.352677679565,1078.8050758838654,Right
83,2717.866666666667,0,,,,,
84,2750.6111111111113,0,,,,,
85,2783.3555555555554,0,,,,,
86,2816.1111111111113,0,,,,,
87,2848.855555555556,0,,,,,
88,2881.6000000000004,0,,,,,
89,2914.3444444444444,0,,,,,
90,2947.088888888889,0,,,,,
91,2979.8333333333335,0,,,,,
92,3012.577777777778,0,,,,,
93,3045.3222222222225,0,,,,,
94,3078.066666666667,0,,,,,
95,3110.8111111111116,0,,,,,
96,3143.5555555555557,0,,,,,
97,3176.311111111111,0,,,,,
98,3209.0555555555557,0,,,,,
99,3241.8,0,,,,,
100,3274.5444444444447,0,,,,,
101,3307.288888888889,0,,,,,
102,3340.0333333333333,0,,,,,
103,3372.777777777778,0,,,,,
104,3405.5222222222224,0,,,,,
105,3438.266666666667,0,,,,,
106,3471.0111111111114,0,,,,,
107,3503.755555555556,0,,,,,
108,3536.5111111111114,0,,,,,
109,3569.255555555556,0,,,,,
110,3602.0000000000005,0,,,,,
111,3634.744444444445,0,,,,,
112,3667.488888888889,0,,,,,
113,3700.2333333333336,1,881.4738527412012,541.4048606157303,873.7978100077908,941.7935425043106,Right
114,3732.977777777778,1,883.7751455631234,539.3790364265442,887.5053674087435,971.5881639719009,Right
115,3765.722222222222,1,890.0333780197018,532.7468240261078,893.4690184777675,980.1961022615433,Right
116,3798.4666666666667,1,896.300662444317,526.2715154886246,901.8424290146106,981.76602602005,Right
117,3831.211111111111,1,907.4099910776333,518.1123375892639,901.9347538562341,977.8394168615341,Right
118,3863.9555555555557,1,902.690671672575,523.4006881713867,900.8271696978409,978.5157144069672,Right
119,3896.711111111111,0,,,,,
120,3929.4555555555557,0,,,,,
121,3962.2000000000003,0,,,,,
122,3994.944444444445,0,,,,,
123,4027.688888888889,0,,,,,
124,4060.433333333333,0,,,,,
125,4093.177777777778,0,,,,,
126,4125.922222222222,0,,,,,
127,4158.666666666667,0,,,,,
128,4191.411111111111,0,,,,,
129,4224.155555555556,0,,,,,
130,4256.9,0,,,,,
131,4289.655555555556,0,,,,,
132,4322.4,0,,,,,
133,4355.144444444445,0,,,,,
134,4387.888888888889,0,,,,,
135,4420.633333333334,0,,,,,
136,4453.377777777778,0,,,,,
137,4486.122222222223,0,,,,,
138,4518.866666666667,0,,,,,
139,4551.611111111111,0,,,,,
140,4584.355555555556,0,,,,,
141,4617.1,0,,,,,
142,4649.855555555556,0,,,,,
143,4682.599999999999,0,,,,,
144,4715.344444444445,0,,,,,
145,4748.0888888888885,0,,,,,
146,4780.833333333334,0,,,,,
147,4813.577777777778,0,,,,,
148,4846.322222222223,0,,,,,
149,4879.066666666667,0,,,,,
150,4911.811111111111,0,,,,,
151,4944.555555555556,0,,,,,
152,4977.3,0,,,,,
153,5010.055555555556,0,,,,,
154,5042.8,0,,,,,
155,5075.544444444445,0,,,,,
156,5108.288888888889,0,,,,,
157,5141.033333333334,0,,,,,
158,5173.777777777777,0,,,,,
159,5206.522222222223,0,,,,,
160,5239.266666666666,0,,,,,
161,5272.011111111112,0,,,,,
162,5304.7555555555555,0,,,,,
163,5337.5,1,942.6805136212151,476.83930456638336,898.9314625998314,924.1738110780716,Left
164,5370.2555555555555,0,,,,,
165,5403.000000000001,0,,,,,
166,5435.7444444444445,0,,,,,
167,5468.488888888889,0,,,,,
168,5501.233333333334,0,,,,,
169,5533.977777777778,0,,,,,
170,5566.722222222223,0,,,,,
171,5599.466666666667,0,,,,,
172,5632.211111111112,0,,,,,
173,5664.955555555556,0,,,,,
174,5697.7,0,,,,,
175,5730.455555555555,0,,,,,
176,5763.200000000001,0,,,,,
177,5795.944444444444,0,,,,,
178,5828.688888888889,0,,,,,
179,5861.433333333333,0,,,,,
180,5894.177777777778,0,,,,,
181,5926.922222222222,0,,,,,
182,5959.666666666667,0,,,,,
183,5992.4111111111115,0,,,,,
184,6025.155555555556,0,,,,,
185,6057.9,0,,,,,
186,6090.655555555556,0,,,,,
187,6123.400000000001,0,,,,,
188,6156.144444444445,0,,,,,
189,6188.888888888889,0,,,,,
190,6221.633333333334,0,,,,,
191,6254.377777777778,0,,,,,
192,6287.122222222223,0,,,,,
193,6319.866666666667,0,,,,,
194,6352.611111111111,0,,,,,
195,6385.355555555556,0,,,,,
196,6418.1,0,,,,,
197,6450.855555555556,0,,,,,
198,6483.6,0,,,,,
199,6516.344444444445,0,,,,,
200,6549.088888888889,0,,,,,
201,6581.833333333334,0,,,,,
202,6614.577777777778,0,,,,,
203,6647.322222222223,0,,,,,
204,6680.066666666667,0,,,,,
205,6712.811111111112,0,,,,,
206,6745.555555555556,0,,,,,
207,6778.300000000001,0,,,,,
208,6811.055555555556,0,,,,,
209,6843.800000000001,0,,,,,
210,6876.544444444445,0,,,,,
211,6909.288888888889,0,,,,,
212,6942.033333333334,0,,,,,
213,6974.777777777777,0,,,,,
214,7007.522222222223,0,,,,,
215,7040.266666666666,0,,,,,
216,7073.011111111112,0,,,,,
217,7105.7555555555555,0,,,,,
218,7138.500000000001,0,,,,,
219,7171.2555555555555,0,,,,,
220,7204.000000000001,0,,,,,
221,7236.7444444444445,0,,,,,
222,7269.48888888889,0,,,,,
223,7302.233333333334,0,,,,,
224,7334.977777777778,0,,,,,
225,7367.722222222223,0,,,,,
226,7400.466666666667,0,,,,,
227,7433.211111111112,0,,,,,
228,7465.955555555556,0,,,,,
229,7498.700000000001,0,,,,,
230,7531.455555555555,0,,,,,
231,7564.200000000001,0,,,,,
232,7596.944444444444,0,,,,,
233,7629.68888888889,0,,,,,
234,7662.433333333333,0,,,,,
235,7695.177777777778,0,,,,,
236,7727.922222222222,0,,,,,
237,7760.666666666667,0,,,,,
238,7793.4111111111115,0,,,,,
239,7826.155555555556,0,,,,,
240,7858.900000000001,0,,,,,
241,7891.655555555556,0,,,,,
242,7924.400000000001,0,,,,,
243,7957.144444444445,0,,,,,
244,7989.88888888889,0,,,,,
245,8022.633333333333,0,,,,,
246,8055.377777777778,0,,,,,
247,8088.122222222223,0,,,,,
248,8120.866666666666,0,,,,,
249,8153.611111111111,0,,,,,
250,8186.355555555556,0,,,,,
251,8219.1,0,,,,,
252,8251.855555555556,0,,,,,
253,8284.6,0,,,,,
254,8317.344444444445,0,,,,,
255,8350.08888888889,0,,,,,
256,8382.833333333334,0,,,,,
257,8415.577777777778,0,,,,,
258,8448.322222222221,0,,,,,
259,8481.066666666668,0,,,,,
260,8513.811111111112,0,,,,,
261,8546.555555555557,0,,,,,
262,8579.3,0,,,,,
263,8612.055555555555,0,,,,,
264,8644.8,0,,,,,
265,8677.544444444446,0,,,,,
266,8710.28888888889,0,,,,,
267,8743.033333333333,0,,,,,
268,8775.777777777777,0,,,,,
269,8808.522222222222,0,,,,,
270,8841.266666666668,0,,,,,
271,8874.011111111111,0,,,,,
272,8906.755555555555,0,,,,,
273,8939.5,0,,,,,
274,8972.255555555555,0,,,,,
275,9005.0,0,,,,,
276,9037.744444444446,0,,,,,
277,9070.488888888889,0,,,,,
278,9103.233333333334,0,,,,,
279,9135.977777777778,0,,,,,
280,9168.722222222223,0,,,,,
281,9201.466666666667,0,,,,,
282,9234.211111111112,0,,,,,
283,9266.955555555556,0,,,,,
284,9299.699999999999,0,,,,,
285,9332.455555555556,0,,,,,
286,9365.199999999999,0,,,,,
287,9397.944444444445,0,,,,,
288,9430.68888888889,0,,,,,
289,9463.433333333334,0,,,,,
290,9496.177777777777,0,,,,,
291,9528.922222222223,0,,,,,
292,9561.666666666668,0,,,,,
293,9594.411111111112,0,,,,,
294,9627.155555555555,0,,,,,
295,9659.9,0,,,,,
296,9692.655555555555,0,,,,,
297,9725.4,0,,,,,
298,9758.144444444446,0,,,,,
299,9790.888888888889,0,,,,,
300,9823.633333333333,0,,,,,
301,9856.377777777778,0,,,,,
302,9889.122222222224,0,,,,,
303,9921.866666666667,0,,,,,
304,9954.611111111111,0,,,,,
305,9987.355555555556,0,,,,,
306,10020.1,0,,,,,
307,10052.855555555556,0,,,,,
308,10085.6,0,,,,,
309,10118.344444444445,0,,,,,
310,10151.08888888889,0,,,,,
311,10183.833333333334,0,,,,,
312,10216.577777777778,0,,,,,
313,10249.322222222223,0,,,,,
314,10282.066666666668,0,,,,,
315,10314.811111111112,0,,,,,
316,10347.555555555555,0,,,,,
317,10380.3,0,,,,,
318,10413.055555555555,0,,,,,
319,10445.800000000001,0,,,,,
320,10478.544444444446,0,,,,,
321,10511.28888888889,0,,,,,
322,10544.033333333333,0,,,,,
323,10576.777777777777,0,,,,,
324,10609.522222222224,0,,,,,
325,10642.266666666668,0,,,,,
326,10675.011111111111,0,,,,,
327,10707.755555555555,0,,,,,
328,10740.5,0,,,,,
329,10773.255555555555,0,,,,,
330,10806.000000000002,0,,,,,
331,10838.744444444446,0,,,,,
332,10871.488888888889,0,,,,,
333,10904.233333333334,0,,,,,
334,10936.977777777778,0,,,,,
335,10969.722222222223,0,,,,,
336,11002.466666666667,0,,,,,
337,11035.211111111112,0,,,,,
338,11067.955555555556,0,,,,,
339,11100.699999999999,0,,,,,
340,11133.455555555556,0,,,,,
341,11166.2,0,,,,,
342,11198.944444444445,0,,,,,
343,11231.68888888889,0,,,,,
344,11264.433333333334,0,,,,,
345,11297.177777777777,0,,,,,
346,11329.922222222223,0,,,,,
347,11362.666666666668,0,,,,,
348,11395.411111111112,0,,,,,
349,11428.155555555555,1,1178.1628053045777,729.173938035965,842.8120862417455,999.832216501236,Right
350,11460.9,1,1132.5630192460376,660.2533704042435,831.8454961564308,993.9472299814224,Left
351,11493.655555555555,1,1071.4749496120082,613.6198192834854,862.5576987495735,986.0284531116486,Left
352,11526.400000000001,1,1017.9999513614919,570.1907300949097,882.7866758858612,1007.5875985622406,Right
353,11559.144444444446,1,976.5928223711664,558.036316037178,875.2761847528456,1003.1186413764954,Right
354,11591.888888888889,1,965.7924379301797,543.6784619092941,875.4528027765916,998.6950027942657,Right
355,11624.633333333333,1,948.4506984947715,554.3196004629135,902.666445885286,1016.118825674057,Right
356,11657.377777777778,1,932.4540658125704,540.7963049411774,898.8132899419644,1024.0305805206299,Right
357,11690.122222222224,1,936.0429095215702,537.5186723470688,906.0470943294405,1020.5026924610138,Right
358,11722.866666666667,1,949.6716153859254,535.6673955917358,902.2487211059713,1016.2853479385376,Right
359,11755.611111111111,1,965.5799521371321,521.0690814256668,893.0420585981147,995.0038969516754,Right
360,11788.355555555556,1,977.6113519076026,517.9923731088638,887.277210723054,980.8412432670593,Right
361,11821.100000000002,1,1006.2340149426656,517.7776408195496,893.476553063879,981.2846338748932,Left
362,11853.855555555556,1,1029.0164057562806,514.710727930069,899.3977959242683,979.283652305603,Left
363,11886.600000000002,1,1048.4103780838138,515.0746634602547,901.3166823392736,973.0745905637741,Left
364,11919.344444444445,0,,,,,
365,11952.08888888889,0,,,,,
366,11984.833333333334,0,,,,,
367,12017.577777777777,0,,,,,
368,12050.322222222223,0,,,,,
369,12083.066666666668,0,,,,,
370,12115.811111111112,0,,,,,
371,12148.555555555555,0,,,,,
372,12181.300000000001,0,,,,,
373,12214.055555555555,0,,,,,
374,12246.800000000001,0,,,,,
375,12279.544444444446,0,,,,,
376,12312.28888888889,0,,,,,
377,12345.033333333333,0,,,,,
378,12377.777777777777,0,,,,,
379,12410.522222222224,0,,,,,
380,12443.266666666668,0,,,,,
381,12476.011111111111,0,,,,,
382,12508.755555555555,0,,,,,
383,12541.500000000002,0,,,,,
384,12574.255555555555,0,,,,,
385,12607.000000000002,0,,,,,
386,12639.744444444445,0,,,,,
387,12672.488888888889,0,,,,,
388,12705.233333333334,0,,,,,
389,12737.977777777778,0,,,,,
390,12770.722222222223,0,,,,,
391,12803.466666666667,0,,,,,
392,12836.211111111112,0,,,,,
393,12868.955555555556,0,,,,,
394,12901.7,0,,,,,
395,12934.455555555556,0,,,,,
396,12967.2,0,,,,,
397,12999.944444444445,0,,,,,
398,13032.68888888889,0,,,,,
399,13065.433333333334,0,,,,,
400,13098.177777777779,0,,,,,
401,13130.922222222223,0,,,,,
402,13163.666666666668,0,,,,,
403,13196.41111111111,0,,,,,
404,13229.155555555555,0,,,,,
405,13261.900000000001,0,,,,,
406,13294.655555555555,0,,,,,
407,13327.400000000001,0,,,,,
408,13360.144444444446,0,,,,,
409,13392.888888888889,0,,,,,
410,13425.633333333333,0,,,,,
411,13458.37777777778,0,,,,,
412,13491.122222222224,0,,,,,
413,13523.866666666667,0,,,,,
414,13556.611111111111,0,,,,,
415,13589.355555555556,0,,,,,
416,13622.100000000002,0,,,,,
417,13654.855555555556,0,,,,,
418,13687.600000000002,0,,,,,
419,13720.344444444445,0,,,,,
420,13753.08888888889,0,,,,,
421,13785.833333333334,0,,,,,
422,13818.577777777778,0,,,,,
423,13851.322222222223,0,,,,,
424,13884.066666666668,0,,,,,
425,13916.811111111112,0,,,,,
426,13949.555555555555,0,,,,,
427,13982.311111111112,0,,,,,
428,14015.055555555555,0,,,,,
429,14047.800000000001,0,,,,,
430,14080.544444444446,0,,,,,
431,14113.28888888889,0,,,,,
432,14146.033333333333,1,888.4425338798783,531.2678915262222,937.9948382360855,950.376638174057,Right
433,14178.77777777778,1,889.6370012343699,537.1322545409203,944.7893343944482,979.9715745449066,Right
434,14211.522222222224,1,892.7776417167637,532.7950930595398,945.1541601004383,982.5241684913635,Right
435,14244.266666666668,1,892.276225475745,537.0066547393799,942.0475560643329,988.2349616289139,Right
436,14277.011111111111,1,892.7289285246121,537.4692231416702,938.6960256560885,985.0797128677368,Right
437,14309.755555555555,1,894.3056191537192,536.1327373981476,937.4247735438286,984.3089425563812,Right
438,14342.511111111111,1,892.3204126838782,535.5204641819,937.5381324383466,984.5415544509888,Right
439,14375.255555555555,1,895.32616314547,533.9340180158615,938.4170105141465,985.4117542505264,Right
440,14408.000000000002,1,900.8861906223812,535.7922872900963,940.1812286198069,987.871704697609,Right
441,14440.744444444445,1,910.9104080468521,549.6128681302071,940.1457794386225,989.3940675258636,Right
442,14473.488888888889,1,916.8131022212933,530.3774517774582,939.5499977389086,983.6478102207184,Right
443,14506.233333333334,1,929.3466246002305,531.9585281610489,938.3344963315224,987.8987896442413,Right
444,14538.97777777778,1,949.631116985576,531.275238096714,938.0765675659895,984.8244416713715,Right
445,14571.722222222223,1,1000.7202152909596,548.6014902591705,938.1409778125401,995.7407963275909,Right
446,14604.466666666667,1,1058.6400961121249,556.9267773628235,945.5205555118681,1017.2925066947937,Right
447,14637.211111111112,1,1128.3881260110513,589.2133319377899,915.5213392912852,1015.5888104438782,Left
448,14669.955555555556,1,1185.802404710025,623.288614153862,909.4704649233175,1048.7412571907043,Right
449,14702.711111111112,1,1246.0983486555665,681.1669027805328,914.102717999976,1058.7899494171143,Right
450,14735.455555555556,1,1279.5948685962458,717.516730427742,923.6436231195019,1086.0848486423492,Right
451,14768.2,1,1304.444509150694,737.0778447389603,926.2389479320746,1102.0228350162506,Right
452,14800.944444444445,1,1324.8697256287264,764.4031924009323,921.2868673720366,1102.427043914795,Right
453,14833.68888888889,1,1337.825132506394,803.4285289049149,931.1461610782887,1107.7352213859558,Right
454,14866.433333333332,1,1352.607938133678,831.7311769723892,939.9503249495976,1100.0659918785095,Right
455,14899.177777777779,1,1360.8251368174938,855.9992301464081,945.4474072383688,1092.1501064300537,Right
456,14931.922222222223,1,1358.5617785437025,860.9725338220596,958.8161960436339,1081.4647114276886,Right
457,14964.666666666668,1,1361.9389997976466,886.2141108512878,969.0330686490952,1069.9483573436737,Right
458,14997.41111111111,1,1357.4165737782664,901.2779438495636,978.4284882360997,1042.4173647165298,Right
459,15030.155555555555,1,1350.8091603465823,913.0459105968475,975.0071320975372,1039.2649483680725,Right
460,15062.91111111111,1,1342.0764703963034,908.1110215187073,971.9334657139124,1040.8470278978348,Right
461,15095.655555555557,1,1348.9417341082485,915.9186851978302,980.962646860031,1065.5561703443527,Right
462,15128.400000000001,1,1335.2895873093241,912.005352973938,987.0017745989568,1054.4580692052841,Right
463,15161.144444444446,1,1332.394004007856,930.7525026798248,982.5052225575777,1039.6123909950256,Right
464,15193.888888888889,1,1326.5744257364574,917.1861898899078,974.8775267517161,1043.648225069046,Right
465,15226.633333333333,1,1322.527463494823,930.1098990440369,988.0553870519748,1023.0365806818008,Right
466,15259.37777777778,0,,,,,
467,15292.122222222224,0,,,,,
468,15324.866666666667,0,,,,,
469,15357.611111111111,0,,,,,
470,15390.366666666667,0,,,,,
471,15423.111111111111,0,,,,,
472,15455.855555555558,0,,,,,
473,15488.6,0,,,,,
474,15521.344444444445,0,,,,,
475,15554.08888888889,1,1151.1428900089243,607.7378422021866,903.9598831677632,1028.673141002655,Right
476,15586.833333333334,1,1097.9758679657161,565.5235630273819,892.0615420950814,1001.2655943632126,Left
477,15619.577777777778,1,1035.1232401231807,539.9196141958237,905.944828020031,990.2154672145844,Left
478,15652.322222222223,1,996.9216589351892,522.3977780342102,903.7441794785638,977.8954750299454,Right
479,15685.066666666668,1,970.0199686209174,514.241019487381,896.264611542714,972.9525017738342,Left
480,15717.811111111112,1,958.0257970311297,496.99380934238434,899.6357371071998,966.0316783189774,Right
481,15750.566666666668,1,935.6559771306349,495.7564580440521,907.5923908497496,978.2469892501831,Right
482,15783.311111111112,1,930.5125756392306,502.9078280925751,908.3649737055109,983.941496014595,Right
483,15816.055555555557,1,918.4986519226575,501.5508073568344,905.5320739746094,982.901941537857,Right
484,15848.800000000001,1,919.107017427648,498.4206372499466,905.7556523527658,979.1569608449936,Right
485,15881.544444444446,1,908.0048309540832,507.3330008983612,903.5237405112871,983.779753446579,Right
486,15914.28888888889,0,,,,,
487,15947.033333333333,0,,,,,
488,15979.77777777778,0,,,,,
489,16012.522222222224,0,,,,,
490,16045.266666666666,0,,,,,
491,16078.011111111113,0,,,,,
492,16110.766666666666,0,,,,,
493,16143.511111111113,0,,,,,
494,16176.255555555557,0,,,,,
495,16209.0,1,935.2738585030487,504.91229116916656,882.4886934698536,943.9854168891907,Right
496,16241.744444444446,1,946.5984722374473,499.9486058950424,903.791532259334,969.1827964782715,Right
497,16274.488888888889,1,958.33424415007,507.7106559276581,894.1729528822905,974.7901475429535,Right
498,16307.233333333332,1,967.8719836969588,509.76462721824646,900.7668668471914,980.8177578449249,Left
499,16339.97777777778,1,981.5872588163244,514.4823351502419,894.7391979579769,980.5602443218231,Left
500,16372.722222222223,1,1025.654044380501,536.5753608942032,887.6207145968187,980.9275138378143,Right
501,16405.46666666667,1,1084.1406935124996,570.7137233018875,890.9918924848192,977.723405957222,Right
502,16438.222222222223,1,1148.0630756123264,640.0677090883255,873.8027284181691,993.0351340770721,Left
503,16470.96666666667,1,1196.2295916826756,684.7573989629745,860.8911163222748,996.0751390457153,Right
504,16503.71111111111,1,1218.978809387994,732.895433306694,853.9793370057942,1003.1526893377304,Right
505,16536.455555555556,1,1234.52517206476,775.769664645195,852.5676485801778,1001.2532615661621,Right
506,16569.2,1,1236.1540030762292,789.4859772920609,848.4561714449633,990.9864145517349,Right
507,16601.944444444445,1,1240.9474125780505,816.7647671699524,838.0663957852971,1001.8449997901917,Right
508,16634.68888888889,1,1243.8770584875647,826.2447345256805,857.3635957724604,987.1206432580948,Right
509,16667.433333333334,1,1246.550371498743,829.9975043535233,855.3895865347573,992.1664094924927,Right
510,16700.17777777778,1,1249.9960842333812,841.9683426618576,858.2448545681773,992.7956771850586,Right
511,16732.92222222222,1,1251.773880291097,857.0330607891083,854.0366312543505,992.8408187627792,Right
512,16765.666666666668,1,1252.2358446020594,859.8100644350052,861.4662040719394,988.6947566270828,Right
513,16798.42222222222,1,1256.0065386862716,868.6152684688568,852.5941242785974,1008.875225186348,Right
514,16831.166666666668,1,1258.8296015964163,883.9254033565521,854.5678195752125,1014.5197516679764,Right
515,16863.911111111112,1,1255.0478149270955,894.0863299369812,863.1040347279306,1019.7672683000565,Right
516,16896.655555555557,1,1253.4921321891256,901.2614804506302,863.5191956550267,1005.7118332386017,Right
517,16929.4,0,,,,,
518,16962.144444444446,0,,,,,
519,16994.88888888889,0,,,,,
520,17027.633333333335,0,,,,,
521,17060.377777777776,0,,,,,
522,17093.122222222224,0,,,,,
523,17125.86666666667,0,,,,,
524,17158.622222222224,0,,,,,
525,17191.36666666667,0,,,,,
526,17224.11111111111,0,,,,,
527,17256.855555555558,0,,,,,
528,17289.6,1,1208.6427699778872,681.2572449445724,838.1130160368621,993.9589726924896,Right
529,17322.344444444447,1,1179.772799850768,623.002422451973,856.707589707369,983.4873068332672,Right
530,17355.08888888889,1,1106.0027137031868,564.959853887558,884.6544160652832,980.0559568405151,Right
531,17387.833333333332,1,1029.5788835389114,525.4034104943275,898.6200853640701,984.5459800958633,Right
532,17420.57777777778,1,971.2670211076457,510.01423358917236,894.981298860324,984.1542220115662,Right
533,17453.32222222222,1,950.7543458748535,505.3351467847824,892.6379117708552,991.3565754890442,Right
534,17486.07777777778,0,,,,,
535,17518.82222222222,0,,,,,
536,17551.566666666666,0,,,,,
537,17584.311111111114,0,,,,,
538,17617.055555555555,0,,,,,
539,17649.800000000003,0,,,,,
540,17682.544444444447,0,,,,,
541,17715.28888888889,0,,,,,
542,17748.033333333336,0,,,,,
543,17780.777777777777,0,,,,,
544,17813.522222222222,0,,,,,
545,17846.277777777777,0,,,,,
546,17879.022222222222,0,,,,,
547,17911.76666666667,0,,,,,
548,17944.51111111111,0,,,,,
549,17977.255555555555,0,,,,,
550,18010.0,0,,,,,
551,18042.744444444445,0,,,,,
552,18075.488888888893,0,,,,,
553,18108.233333333334,0,,,,,
554,18140.977777777778,0,,,,,
555,18173.733333333334,0,,,,,
556,18206.477777777778,0,,,,,
557,18239.222222222226,0,,,,,
558,18271.966666666667,0,,,,,
559,18304.71111111111,0,,,,,
560,18337.455555555556,0,,,,,
561,18370.2,0,,,,,
562,18402.944444444445,0,,,,,
563,18435.68888888889,0,,,,,
564,18468.433333333334,0,,,,,
565,18501.17777777778,0,,,,,
566,18533.933333333334,0,,,,,
567,18566.67777777778,0,,,,,
568,18599.422222222223,0,,,,,
569,18632.166666666668,1,1202.9059151831714,665.6691205501556,851.2674092407942,997.9850113391876,Right
570,18664.911111111112,1,1146.5316186616458,608.09974193573,875.1443033341367,987.5573068857193,Right
571,18697.655555555557,1,1078.9989140500497,564.3597364425659,895.3577665483267,984.9975728988647,Right
572,18730.399999999998,0,,,,,
573,18763.144444444446,0,,,,,
574,18795.88888888889,0,,,,,
575,18828.633333333335,0,,,,,
576,18861.37777777778,0,,,,,
577,18894.13333333333,0,,,,,
578,18926.87777777778,0,,,,,
579,18959.622222222224,0,,,,,
580,18992.36666666667,0,,,,,
581,19025.111111111113,0,,,,,
582,19057.855555555554,0,,,,,
583,19090.600000000002,0,,,,,
584,19123.344444444447,0,,,,,
585,19156.088888888888,0,,,,,
586,19188.833333333336,0,,,,,
587,19221.577777777777,0,,,,,
588,19254.333333333336,0,,,,,
589,19287.077777777777,0,,,,,
590,19319.822222222225,0,,,,,
591,19352.56666666667,0,,,,,
592,19385.31111111111,0,,,,,
593,19418.05555555556,0,,,,,
594,19450.8,1,1271.1606319736065,677.832680940628,862.9913822008605,1022.3699605464935,Right
595,19483.544444444444,1,1300.3764082091354,708.6915224790573,848.0707825977106,1062.144529223442,Right
596,19516.288888888892,1,1314.1863627282844,727.5799977779388,853.9928364725772,1065.7691323757172,Right
597,19549.033333333333,1,1340.8806164686732,762.3783713579178,868.4738400672832,1075.9131824970245,Right
598,19581.788888888892,1,1353.9040962389179,778.3070343732834,882.1115455761604,1078.5437858104706,Right
599,19614.533333333333,1,1357.7507640664212,802.6884430646896,889.389641818799,1068.4732604026794,Right
600,19647.277777777777,1,1356.5134699151777,812.8555065393448,889.6595265074324,1065.604675412178,Right
601,19680.022222222226,1,1365.8750885117097,822.314230799675,920.246231150655,1067.4596107006073,Right
602,19712.766666666666,1,1365.5915997092636,849.2373168468475,902.7141387689015,1074.6605479717255,Right
603,19745.511111111115,1,1364.606714192756,857.4211013317108,914.566147369349,1078.614832162857,Right
604,19778.255555555555,1,1365.3343773111787,865.2205628156662,956.9778093559381,1073.9358043670654,Right
605,19811.0,1,1367.490367732881,884.2871260643005,991.0545185889616,1081.499526500702,Right
606,19843.744444444448,1,1359.658741028619,892.97667324543,996.3057326823298,1079.0437066555023,Right
607,19876.48888888889,1,1372.7408754588012,901.8867945671082,993.3418933559834,1080.8107781410217,Left
608,19909.244444444448,1,1366.6885098706655,901.3679319620132,1001.5827684301844,1077.0016551017761,Right
609,19941.98888888889,1,1375.3122622634155,908.3433383703232,1002.9860850934547,1076.092096567154,Right
610,19974.733333333334,1,1373.5118101238506,906.2613970041275,1013.9700465856375,1076.0586977005005,Right
611,20007.477777777778,1,1371.6834172274555,913.8690215349197,1009.2866211116384,1076.3422340154648,Right
612,20040.222222222223,1,1364.264675377402,910.1302367448807,1019.6028822332026,1070.1784908771515,Right
613,20072.966666666667,1,1370.4824355953883,916.5726184844971,1015.8124621839623,1076.3234102725983,Left
614,20105.71111111111,1,1363.0760944183098,908.6602145433426,1023.2002285133353,1063.4922856092453,Right
615,20138.455555555556,1,1379.174417851259,914.3298786878586,1021.8769145039853,1073.333444595337,Right
616,20171.2,1,1376.873909882057,903.1173598766327,1017.9895913055885,1074.0480387210846,Left
617,20203.944444444445,1,1375.943283850255,887.9711508750916,1004.1871190490365,1078.6979752779007,Left
618,20236.68888888889,1,1373.2622269589065,845.6795704364777,1004.0923611639812,1082.0039319992065,Right
619,20269.444444444445,1,1377.184711559157,818.6832547187805,1000.7160294097864,1089.0532171726227,Right
620,20302.18888888889,1,1361.566874961361,771.1879420280457,973.5317136310608,1091.1285495758057,Right
621,20334.933333333334,1,1336.5120215824033,733.8512545824051,952.0235573700417,1086.5651786327362,Right
622,20367.67777777778,1,1297.9803051786434,702.9612565040588,939.7184794561246,1089.9698567390442,Right
623,20400.422222222223,1,1253.221828912375,667.4459284543991,928.5999942077422,1092.0870852470398,Right
624,20433.166666666668,1,1196.8917980842546,636.0441488027573,921.9723315758833,1089.4850420951843,Right
625,20465.911111111112,1,1119.5936943134698,587.9737973213196,911.2298431038716,1077.520694732666,Right
626,20498.655555555557,1,1030.4857546950561,562.9590493440628,920.4201806751533,1048.4878742694855,Right
627,20531.4,1,983.4496881590079,555.5981397628784,912.6703356243103,1025.5073297023773,Right
628,20564.144444444446,1,941.550534998546,536.9560253620148,915.0392565889348,1008.6377155780792,Right
629,20596.88888888889,1,923.603490983755,524.095396399498,910.8673457942842,997.3117232322693,Left
630,20629.644444444446,1,918.3987140096506,518.2805120944977,907.455250917817,981.3881349563599,Right
631,20662.38888888889,1,918.600290349891,520.6439834833145,909.9645035487686,983.9609688520432,Right
632,20695.133333333335,1,915.4350054920908,516.6070282459259,910.1348427507551,979.4904184341431,Right
633,20727.877777777776,1,909.6955868451564,508.48561584949493,903.8755115003686,974.3246287107468,Right
634,20760.622222222224,1,910.0863911761768,510.28148353099823,901.9617004662857,975.164498090744,Right
635,20793.36666666667,1,900.0917103757333,507.86602556705475,899.3935315578233,972.9014003276825,Right
636,20826.11111111111,1,905.382088619827,500.36143004894257,897.4261935682397,961.6129374504089,Right
637,20858.855555555558,1,902.3773584667712,501.46996557712555,895.0496595322317,970.2398765087128,Right
638,20891.600000000002,1,911.9708487185336,497.16269195079803,896.6211439716299,962.2528856992722,Right
639,20924.344444444447,0,,,,,
640,20957.08888888889,0,,,,,
641,20989.844444444447,0,,,,,
642,21022.58888888889,0,,,,,
643,21055.333333333332,0,,,,,
644,21088.07777777778,0,,,,,
645,21120.822222222225,0,,,,,
646,21153.566666666666,0,,,,,
647,21186.311111111114,0,,,,,
648,21219.055555555555,0,,,,,
649,21251.8,0,,,,,
650,21284.555555555555,0,,,,,
651,21317.3,0,,,,,
652,21350.044444444447,0,,,,,
653,21382.78888888889,0,,,,,
654,21415.533333333336,0,,,,,
655,21448.277777777777,0,,,,,
656,21481.022222222222,0,,,,,
657,21513.76666666667,0,,,,,
658,21546.51111111111,0,,,,,
659,21579.255555555555,0,,,,,
660,21612.000000000004,0,,,,,
661,21644.755555555555,0,,,,,
662,21677.500000000004,0,,,,,
663,21710.244444444445,0,,,,,
664,21742.98888888889,0,,,,,
665,21775.733333333334,0,,,,,
666,21808.477777777778,0,,,,,
667,21841.222222222226,0,,,,,
668,21873.966666666667,0,,,,,
669,21906.71111111111,0,,,,,
670,21939.455555555556,0,,,,,
671,21972.2,0,,,,,
672,22004.955555555556,0,,,,,
673,22037.7,0,,,,,
674,22070.444444444445,0,,,,,
675,22103.18888888889,0,,,,,
676,22135.933333333334,0,,,,,
677,22168.67777777778,0,,,,,
678,22201.422222222223,0,,,,,
679,22234.166666666668,0,,,,,
680,22266.911111111112,0,,,,,
681,22299.655555555557,0,,,,,
682,22332.411111111112,0,,,,,
683,22365.155555555557,0,,,,,
684,22397.9,0,,,,,
685,22430.644444444446,0,,,,,
686,22463.38888888889,0,,,,,
687,22496.13333333333,0,,,,,
688,22528.87777777778,0,,,,,
689,22561.622222222224,0,,,,,
690,22594.36666666667,0,,,,,
691,22627.111111111113,0,,,,,
692,22659.855555555554,1,896.9821238992921,460.37726283073425,941.68589593098,926.3483959436417,Right
693,22692.611111111113,0,,,,,
694,22725.355555555554,1,895.676626046685,463.9790591597557,942.691867823897,934.369729757309,Left
695,22758.100000000002,0,,,,,
696,22790.844444444447,0,,,,,
697,22823.588888888888,0,,,,,
698,22856.333333333336,0,,,,,
699,22889.07777777778,0,,,,,
700,22921.82222222222,0,,,,,
701,22954.56666666667,1,938.2182596436978,482.59482622146606,923.9120950732394,936.6740155220032,Left
702,22987.31111111111,0,,,,,
703,23020.05555555556,0,,,,,
704,23052.81111111111,0,,,,,
705,23085.55555555556,0,,,,,
706,23118.300000000003,0,,,,,
707,23151.044444444444,0,,,,,
708,23183.788888888892,0,,,,,
709,23216.533333333333,0,,,,,
710,23249.277777777777,0,,,,,
711,23282.022222222226,0,,,,,
712,23314.766666666666,0,,,,,
713,23347.511111111115,0,,,,,
714,23380.266666666666,0,,,,,
715,23413.01111111111,0,,,,,
716,23445.755555555555,0,,,,,
717,23478.5,0,,,,,
718,23511.244444444448,0,,,,,
719,23543.98888888889,0,,,,,
720,23576.733333333334,0,,,,,
721,23609.47777777778,0,,,,,
722,23642.222222222223,0,,,,,
723,23674.966666666667,0,,,,,
724,23707.722222222223,0,,,,,
725,23740.466666666667,0,,,,,
726,23773.21111111111,0,,,,,
727,23805.955555555556,0,,,,,
728,23838.700000000004,0,,,,,
729,23871.444444444445,0,,,,,
730,23904.18888888889,1,1169.4167728580596,630.3316444158554,841.5643012258121,999.6921300888062,Right
731,23936.933333333334,1,1092.8733311392637,582.4805688858032,867.7503105065188,1011.8651908636093,Right
732,23969.67777777778,1,1027.4547581376391,558.0517762899399,887.236424543374,989.4294136762619,Right
733,24002.422222222223,0,,,,,
734,24035.166666666668,0,,,,,
735,24067.922222222223,0,,,,,
736,24100.666666666668,0,,,,,
737,24133.411111111112,0,,,,,
738,24166.155555555557,0,,,,,
739,24198.9,0,,,,,
740,24231.644444444446,0,,,,,
741,24264.38888888889,0,,,,,
742,24297.133333333335,0,,,,,
743,24329.87777777778,0,,,,,
744,24362.622222222224,0,,,,,
745,24395.37777777778,0,,,,,
746,24428.122222222224,0,,,,,
747,24460.86666666667,0,,,,,
748,24493.61111111111,0,,,,,
749,24526.355555555558,0,,,,,
750,24559.100000000002,0,,,,,
751,24591.844444444443,0,,,,,
752,24624.58888888889,0,,,,,
753,24657.333333333332,0,,,,,
754,24690.07777777778,0,,,,,
755,24722.833333333332,0,,,,,
756,24755.57777777778,0,,,,,
757,24788.322222222225,0,,,,,
758,24821.066666666666,0,,,,,
759,24853.811111111114,0,,,,,
760,24886.55555555556,0,,,,,
761,24919.3,0,,,,,
762,24952.044444444447,0,,,,,
763,24984.78888888889,0,,,,,
764,25017.533333333336,0,,,,,
765,25050.27777777778,0,,,,,
766,25083.033333333333,0,,,,,
767,25115.77777777778,0,,,,,
768,25148.522222222222,0,,,,,
769,25181.26666666667,0,,,,,
770,25214.01111111111,0,,,,,
771,25246.755555555555,0,,,,,
772,25279.500000000004,0,,,,,
773,25312.244444444445,0,,,,,
774,25344.98888888889,0,,,,,
775,25377.733333333334,0,,,,,
776,25410.477777777778,0,,,,,
777,25443.233333333334,0,,,,,
778,25475.977777777778,0,,,,,
779,25508.722222222226,0,,,,,
780,25541.466666666667,0,,,,,
781,25574.21111111111,0,,,,,
782,25606.95555555556,0,,,,,
783,25639.7,0,,,,,
784,25672.444444444445,0,,,,,
785,25705.18888888889,0,,,,,
786,25737.944444444445,0,,,,,
787,25770.68888888889,0,,,,,
788,25803.433333333334,0,,,,,
789,25836.17777777778,0,,,,,
790,25868.922222222223,0,,,,,
791,25901.666666666668,0,,,,,
792,25934.411111111112,0,,,,,
793,25967.155555555557,0,,,,,
794,25999.9,0,,,,,
795,26032.644444444446,0,,,,,
796,26065.38888888889,0,,,,,
797,26098.144444444446,0,,,,,
798,26130.88888888889,0,,,,,
799,26163.633333333335,0,,,,,
800,26196.37777777778,0,,,,,
801,26229.122222222224,0,,,,,
802,26261.866666666665,0,,,,,
803,26294.611111111113,0,,,,,
804,26327.355555555558,0,,,,,
805,26360.100000000002,0,,,,,
806,26392.844444444447,0,,,,,
807,26425.588888888888,0,,,,,
808,26458.344444444447,0,,,,,
809,26491.088888888888,0,,,,,
810,26523.833333333336,0,,,,,
811,26556.57777777778,0,,,,,
812,26589.32222222222,0,,,,,
813,26622.06666666667,0,,,,,
814,26654.81111111111,0,,,,,
815,26687.55555555556,0,,,,,
816,26720.300000000003,0,,,,,
817,26753.055555555555,0,,,,,
818,26785.800000000003,0,,,,,
819,26818.544444444444,0,,,,,
820,26851.288888888892,0,,,,,
821,26884.033333333336,0,,,,,
822,26916.777777777777,0,,,,,
823,26949.522222222226,0,,,,,
824,26982.266666666666,0,,,,,
825,27015.01111111111,0,,,,,
826,27047.75555555556,0,,,,,
827,27080.5,0,,,,,
828,27113.25555555556,0,,,,,
829,27146.0,0,,,,,
830,27178.744444444448,0,,,,,
831,27211.48888888889,0,,,,,
832,27244.233333333334,0,,,,,
833,27276.97777777778,0,,,,,
834,27309.722222222223,0,,,,,
835,27342.466666666667,0,,,,,
836,27375.21111111111,0,,,,,
837,27407.955555555556,0,,,,,
838,27440.7,0,,,,,
839,27473.455555555556,0,,,,,
840,27506.2,0,,,,,
841,27538.944444444445,0,,,,,
842,27571.68888888889,0,,,,,
843,27604.433333333338,0,,,,,
844,27637.17777777778,0,,,,,
845,27669.922222222223,0,,,,,
846,27702.666666666668,0,,,,,
847,27735.411111111112,0,,,,,
848,27768.155555555557,0,,,,,
849,27800.911111111112,0,,,,,
850,27833.655555555557,0,,,,,
851,27866.4,0,,,,,
852,27899.144444444446,1,943.709429375312,486.769979596138,930.235574952603,918.7238359451294,Right
853,27931.888888888887,1,947.4546419078831,498.7604087591171,938.6997144638723,926.5319126844406,Right
854,27964.633333333335,1,947.445014381185,486.47074699401855,939.6453311826252,919.9036538600922,Right
855,27997.37777777778,0,,,,,
856,28030.122222222224,1,960.83792432671,516.5329134464264,942.0396028901041,920.8215916156769,Right
857,28062.86666666667,1,922.0019205234255,482.56573498249054,944.3724467913682,922.7629745006561,Right
858,28095.61111111111,1,897.1380741347461,456.34373009204865,945.4876178593876,923.1552636623383,Right
859,28128.36666666667,1,898.146557556367,455.5087584257126,946.9098233114513,922.0592379570007,Right
860,28161.111111111113,1,897.7869642018434,451.0780093073845,947.8307956547977,918.4250164031982,Right
861,28193.855555555558,1,900.1780703366851,454.72276389598846,949.2939442570855,919.2753893136978,Right
862,28226.600000000002,1,900.8563400572657,451.00554674863815,950.6701573397602,917.4771022796631,Right
863,28259.344444444443,0,,,,,
864,28292.08888888889,0,,,,,
865,28324.833333333336,1,943.3355778630425,518.0270701646805,949.0640085718976,924.1925168037415,Right
866,28357.57777777778,1,901.7163555060293,463.82855772972107,950.5882448775548,925.1905882358551,Right
867,28390.322222222225,1,911.9694883071523,464.5562517642975,950.6703143103042,924.0545547008514,Right
868,28423.066666666666,0,,,,,
869,28455.822222222225,1,918.8082501589204,461.5634536743164,948.1043168277002,923.4969234466553,Right
870,28488.566666666666,0,,,,,
871,28521.311111111114,1,956.5551138427305,484.7685259580612,944.8386493070184,918.8915383815765,Right
872,28554.05555555556,0,,,,,
873,28586.8,0,,,,,
874,28619.544444444447,0,,,,,
875,28652.28888888889,0,,,,,
876,28685.033333333333,0,,,,,
877,28717.77777777778,1,1158.8945663827803,417.3316115140915,923.8571815446002,891.2581068277359,Left
878,28750.522222222222,1,1198.5173327143,421.36216431856155,918.6430124996136,895.7674258947372,Right
879,28783.26666666667,1,1240.5542013653558,431.14233791828156,908.1417092684425,895.9659898281097,Right
880,28816.022222222222,1,1275.9584366506597,461.9766613841057,897.5791090398433,898.8539296388626,Right
881,28848.76666666667,1,1290.793879733695,462.56966829299927,903.103373394482,901.6473376750946,Right
882,28881.511111111115,1,1308.5925604226582,464.6986100077629,910.1111663603699,903.9557540416718,Right
883,28914.255555555555,1,1322.9190003550486,467.83350080251694,908.6981698468869,897.640830874443,Right
884,28947.000000000004,1,1328.718381749787,468.6339819431305,914.8714550774095,895.0746059417725,Right
885,28979.744444444445,1,1337.27327639724,471.81548953056335,895.097090798274,894.4551336765289,Right
886,29012.48888888889,1,1339.3981343277173,487.01669454574585,892.5633246007027,889.289048910141,Right
887,29045.233333333337,1,1336.3393016604998,498.0734011530876,882.9668780703618,889.5342296361923,Right
888,29077.977777777778,1,1327.1251830518036,505.32777070999146,876.645360322798,886.6795706748962,Right
889,29110.722222222223,1,1324.8720801868863,499.6372175216675,884.4204253077088,883.4246563911438,Right
890,29143.477777777778,1,1326.5629668867462,497.32561469078064,889.8744191821546,878.5329616069794,Right
891,29176.222222222223,1,1323.9060834591721,496.5688294172287,891.4038878392782,882.3700547218323,Right
892,29208.966666666667,1,1318.8536202362525,475.9784871339798,899.9145167933259,880.6767439842224,Right
893,29241.71111111111,1,1299.1319457363832,448.86580646038055,903.6599909434705,886.3495355844498,Right
894,29274.45555555556,0,,,,,
895,29307.2,0,,,,,
896,29339.944444444445,0,,,,,
897,29372.68888888889,0,,,,,
898,29405.433333333334,0,,,,,
899,29438.17777777778,0,,,,,
900,29470.933333333334,0,,,,,
901,29503.67777777778,0,,,,,
902,29536.422222222223,0,,,,,
903,29569.166666666668,0,,,,,
904,29601.911111111112,0,,,,,
905,29634.655555555557,0,,,,,
906,29667.4,0,,,,,
907,29700.144444444446,0,,,,,
908,29732.88888888889,0,,,,,
909,29765.633333333335,0,,,,,
910,29798.37777777778,0,,,,,
911,29831.133333333335,0,,,,,
912,29863.87777777778,0,,,,,
913,29896.622222222224,0,,,,,
914,29929.366666666665,0,,,,,
915,29962.111111111113,0,,,,,
916,29994.855555555558,0,,,,,
917,30027.600000000002,0,,,,,
918,30060.344444444447,0,,,,,
919,30093.08888888889,0,,,,,
920,30125.833333333336,0,,,,,
921,30158.58888888889,0,,,,,
922,30191.333333333336,0,,,,,
923,30224.07777777778,0,,,,,
924,30256.82222222222,0,,,,,
925,30289.56666666667,0,,,,,
926,30322.311111111114,1,953.3690565496089,402.8231084346771,941.5402534279146,854.4834172725677,Left
927,30355.055555555555,0,,,,,
928,30387.800000000003,0,,,,,
929,30420.544444444444,0,,,,,
930,30453.288888888892,0,,,,,
931,30486.044444444444,0,,,,,
932,30518.788888888892,0,,,,,
933,30551.533333333336,0,,,,,
934,30584.277777777777,0,,,,,
935,30617.022222222226,0,,,,,
936,30649.766666666666,0,,,,,
937,30682.51111111111,0,,,,,
938,30715.25555555556,0,,,,,
939,30748.0,0,,,,,
940,30780.744444444445,0,,,,,
941,30813.488888888893,0,,,,,
942,30846.244444444445,0,,,,,
943,30878.988888888893,0,,,,,
944,30911.733333333334,0,,,,,
945,30944.47777777778,0,,,,,
946,30977.222222222223,0,,,,,
947,31009.966666666667,0,,,,,
948,31042.711111111115,0,,,,,
949,31075.455555555556,0,,,,,
950,31108.2,0,,,,,
951,31140.955555555556,0,,,,,
952,31173.7,0,,,,,
953,31206.444444444445,0,,,,,
954,31239.18888888889,0,,,,,
955,31271.933333333334,0,,,,,
956,31304.67777777778,0,,,,,
957,31337.422222222223,0,,,,,
958,31370.166666666668,0,,,,,
959,31402.911111111112,0,,,,,
960,31435.655555555557,0,,,,,
961,31468.4,0,,,,,
962,31501.155555555557,0,,,,,
963,31533.9,0,,,,,
964,31566.644444444446,0,,,,,
965,31599.38888888889,0,,,,,
966,31632.133333333335,0,,,,,
967,31664.87777777778,0,,,,,
968,31697.622222222224,0,,,,,
969,31730.36666666667,0,,,,,
970,31763.111111111113,0,,,,,
971,31795.855555555558,0,,,,,
972,31828.611111111113,0,,,,,
973,31861.355555555558,0,,,,,
974,31894.100000000002,0,,,,,
975,31926.844444444443,0,,,,,
976,31959.58888888889,0,,,,,
977,31992.333333333336,0,,,,,
978,32025.07777777778,1,949.5747383985263,344.2304617166519,947.6985741332435,811.6163849830627,Left
979,32057.82222222222,0,,,,,
980,32090.56666666667,1,922.4277031239983,361.14303410053253,936.2371867315152,813.3771425485611,Right
981,32123.311111111114,0,,,,,
982,32156.055555555555,1,923.2022481115594,363.1595939397812,943.6899911896146,816.6708844900131,Right
983,32188.811111111114,0,,,,,
984,32221.555555555555,1,930.496433834957,374.12775814533234,947.8566696327988,830.4549390077591,Right
985,32254.3,0,,,,,
986,32287.044444444447,0,,,,,
987,32319.78888888889,0,,,,,
988,32352.533333333333,0,,,,,
989,32385.27777777778,1,934.8966844475982,381.59146070480347,949.2319408922095,846.8894827365875,Left
990,32418.022222222226,0,,,,,
991,32450.766666666666,0,,,,,
992,32483.522222222226,0,,,,,
993,32516.266666666666,0,,,,,
994,32549.011111111115,1,968.6494588013411,420.9075915813446,939.8023278883725,851.3537192344666,Left
995,32581.75555555556,0,,,,,
996,32614.5,0,,,,,
997,32647.244444444445,0,,,,,
998,32679.988888888893,0,,,,,
999,32712.733333333334,0,,,,,
1000,32745.477777777778,0,,,,,
1001,32778.222222222226,0,,,,,
1002,32810.96666666667,1,1264.9214714381228,540.4504260420799,915.0496689683528,900.7607924938202,Left
1003,32843.722222222226,1,1288.7920867097057,582.0610472559929,906.9551166029077,918.9665973186493,Right
1004,32876.46666666667,1,1307.8369042238903,620.0452655553818,908.0494890738483,913.8753354549408,Right
1005,32909.211111111115,1,1324.289196233537,647.945356965065,909.1129906711377,915.6605815887451,Right
1006,32941.955555555556,0,,,,,
1007,32974.7,0,,,,,
1008,33007.444444444445,0,,,,,
1009,33040.18888888889,0,,,,,
1010,33072.933333333334,0,,,,,
1011,33105.677777777775,0,,,,,
1012,33138.42222222222,0,,,,,
1013,33171.177777777775,0,,,,,
1014,33203.92222222222,0,,,,,
1015,33236.66666666667,1,1252.7984793552341,531.5682157874107,911.0990343172134,916.88796043396,Right
1016,33269.41111111111,1,1214.2347409605002,495.0159001350403,912.4627420798835,915.4357588291168,Left
1017,33302.15555555556,1,1141.5255663962325,453.1742602586746,917.7319031387813,895.7763361930847,Left
1018,33334.9,0,,,,,
1019,33367.64444444444,0,,,,,
1020,33400.38888888889,0,,,,,
1021,33433.13333333334,1,954.9469506195534,403.13408374786377,940.7761731432862,894.5628833770752,Left
1022,33465.87777777778,0,,,,,
1023,33498.63333333334,0,,,,,
1024,33531.37777777778,0,,,,,
1025,33564.12222222222,0,,,,,
1026,33596.86666666667,0,,,,,
1027,33629.61111111111,0,,,,,
1028,33662.35555555556,0,,,,,
1029,33695.100000000006,0,,,,,
1030,33727.84444444445,0,,,,,
1031,33760.58888888889,0,,,,,
1032,33793.333333333336,0,,,,,
1033,33826.07777777778,0,,,,,
1034,33858.833333333336,0,,,,,
1035,33891.57777777778,0,,,,,
1036,33924.322222222225,0,,,,,
1037,33957.06666666667,0,,,,,
1038,33989.81111111111,0,,,,,
1039,34022.555555555555,0,,,,,
1040,34055.3,0,,,,,
1041,34088.04444444445,0,,,,,
1042,34120.78888888889,0,,,,,
1043,34153.54444444445,0,,,,,
1044,34186.28888888889,0,,,,,
1045,34219.03333333333,0,,,,,
1046,34251.77777777778,0,,,,,
1047,34284.52222222222,0,,,,,
1048,34317.26666666667,0,,,,,
1049,34350.01111111112,0,,,,,
1050,34382.75555555555,0,,,,,
1051,34415.5,0,,,,,
1052,34448.24444444445,0,,,,,
1053,34480.98888888889,1,1369.0562012326955,804.2238467931747,865.5739662376127,1031.4336812496185,Right
1054,34513.74444444445,1,1376.6636740001397,798.935142159462,863.4155427724787,1013.7856847047806,Right
1055,34546.48888888889,1,1374.0704682899109,813.2768869400024,856.0706294016151,1029.1505205631256,Right
1056,34579.23333333334,1,1370.3987702954416,807.8850942850113,852.7741956543111,1036.009857058525,Right
1057,34611.97777777778,1,1366.6847425776098,810.8653235435486,846.3020908315464,1039.5281267166138,Right
1058,34644.72222222222,1,1359.3168068602943,817.0955103635788,845.4808732689056,1049.9257957935333,Right
1059,34677.46666666667,1,1355.3656489740083,817.6246404647827,858.7676188031786,1049.398553967476,Right
1060,34710.211111111115,1,1349.0904375369216,813.4313714504242,852.3965506872287,1025.2487540245056,Right
1061,34742.955555555556,1,1337.0205538214161,826.8607252836227,845.0970018035781,1055.9429615736008,Right
1062,34775.7,1,1334.2707438318,815.6861490011215,860.3620994272712,1024.6089828014374,Right
1063,34808.455555555556,1,1324.0118816058214,823.8258540630341,865.8238633436447,1036.0227799415588,Right
1064,34841.2,1,1327.0044203799607,834.9176412820816,869.6145973339729,1054.17347073555,Right
1065,34873.944444444445,1,1330.1249947944812,824.3146812915802,854.4420338459619,1038.237372636795,Right
1066,34906.68888888889,1,1339.9525019655753,826.5892857313156,862.6637846755534,1028.365706205368,Right
1067,34939.433333333334,1,1340.5201597761577,813.5949432849884,863.3224592398926,1031.6701877117157,Right
1068,34972.17777777778,1,1352.7013356073521,787.5149720907211,846.4083337280703,1029.3162167072296,Right
1069,35004.92222222222,1,1347.9315763341583,749.4538360834122,847.3412096710026,1045.5389195680618,Right
1070,35037.666666666664,1,1328.2713296405036,696.3810896873474,835.8184991100889,1026.1548900604248,Right
1071,35070.41111111111,1,1297.780533999659,628.1200021505356,843.7867686728939,1011.1720168590546,Right
1072,35103.15555555556,1,1241.3879242480011,569.2035752534866,871.0583077505632,997.1430766582489,Right
1073,35135.9,1,1197.2167271103137,528.3293518424034,893.2523206417893,989.3295121192932,Right
1074,35168.65555555556,1,1124.5875028764517,515.3375172615051,899.9668926315039,968.0855906009674,Left
1075,35201.4,1,1091.751253367309,481.3793081045151,906.6083948329912,950.0605291128159,Right
1076,35234.14444444445,0,,,,,
1077,35266.88888888889,0,,,,,
1078,35299.63333333333,0,,,,,
1079,35332.37777777778,0,,,,,
1080,35365.12222222223,0,,,,,
1081,35397.86666666667,0,,,,,
1082,35430.61111111111,0,,,,,
1083,35463.35555555556,0,,,,,
1084,35496.11111111111,0,,,,,
1085,35528.85555555556,0,,,,,
1086,35561.6,0,,,,,
1087,35594.34444444445,0,,,,,
1088,35627.088888888895,0,,,,,
1089,35659.83333333333,0,,,,,
1090,35692.57777777778,0,,,,,
1091,35725.322222222225,0,,,,,
1092,35758.06666666667,0,,,,,
1093,35790.811111111114,0,,,,,
1094,35823.56666666667,0,,,,,
1095,35856.311111111114,0,,,,,
1096,35889.055555555555,0,,,,,
1097,35921.8,0,,,,,
1098,35954.544444444444,0,,,,,
1099,35987.28888888889,0,,,,,
1100,36020.03333333334,0,,,,,
1101,36052.777777777774,0,,,,,
1102,36085.52222222222,0,,,,,
1103,36118.26666666667,0,,,,,
1104,36151.02222222222,1,1275.2437497638734,627.2128039598465,846.9491757373877,881.0456657409668,Right
1105,36183.76666666667,1,1278.8402588677714,663.0608224868774,846.7496923377338,891.9564145803452,Right
1106,36216.51111111111,1,1283.7535415416864,681.8309855461121,844.9988167283124,890.1191818714142,Right
1107,36249.25555555556,1,1287.6765493770836,702.7598011493683,841.1968331823316,885.9190678596497,Right
1108,36282.0,1,1287.3193890659918,716.8858695030212,837.5059062962235,882.6331150531769,Right
1109,36314.74444444444,1,1287.003250390396,733.0359917879105,838.5948109598819,878.6477333307266,Right
1110,36347.48888888889,1,1283.57271147501,746.9341099262238,831.4872893750457,880.0189751386642,Right
1111,36380.23333333334,1,1282.4386516181974,763.40824842453,828.1878208638915,875.947322845459,Right
1112,36412.97777777778,1,1278.4898482900712,780.4449158906937,834.606660348729,877.1483248472214,Right
1113,36445.722222222226,1,1274.320030436007,787.5243544578552,828.3069091832651,877.030838727951,Right
1114,36478.47777777778,1,1270.6829706082451,792.4698650836945,830.3586188402433,874.1542285680771,Right
1115,36511.222222222226,1,1268.3599635277376,797.9405522346497,828.4967912179784,873.9736032485962,Right
1116,36543.96666666667,1,1268.0926950148373,808.312611579895,835.0133448664496,869.9254363775253,Right
1117,36576.711111111115,1,1265.990022254577,807.4402284622192,839.3492113942978,869.8765182495117,Right
1118,36609.455555555556,1,1269.6711908052005,807.7489024400711,832.792080860205,870.6966787576675,Right
1119,36642.200000000004,0,,,,,
1120,36674.94444444445,0,,,,,
1121,36707.688888888886,0,,,,,
1122,36740.433333333334,0,,,,,
1123,36773.17777777778,0,,,,,
1124,36805.933333333334,0,,,,,
1125,36838.67777777778,0,,,,,
1126,36871.42222222222,0,,,,,
1127,36904.16666666667,0,,,,,
1128,36936.91111111111,0,,,,,
1129,36969.65555555555,0,,,,,
1130,37002.4,1,1275.460473761609,642.3031908273697,820.695407505192,912.0137912034988,Right
1131,37035.14444444445,1,1212.8082973037488,551.3119322061539,815.388992103854,907.4665886163712,Right
1132,37067.88888888889,0,,,,,
1133,37100.63333333333,0,,,,,
1134,37133.37777777778,0,,,,,
1135,37166.13333333333,0,,,,,
1136,37198.87777777778,0,,,,,
1137,37231.62222222222,0,,,,,
1138,37264.36666666667,0,,,,,
1139,37297.11111111112,0,,,,,
1140,37329.85555555555,0,,,,,
1141,37362.6,0,,,,,
1142,37395.34444444445,0,,,,,
1143,37428.088888888895,0,,,,,
1144,37460.84444444445,0,,,,,
1145,37493.588888888895,0,,,,,
1146,37526.333333333336,0,,,,,
1147,37559.07777777778,0,,,,,
1148,37591.822222222225,0,,,,,
1149,37624.566666666666,0,,,,,
1150,37657.311111111114,0,,,,,
1151,37690.05555555556,0,,,,,
1152,37722.8,0,,,,,
1153,37755.544444444444,0,,,,,
1154,37788.28888888889,0,,,,,
1155,37821.044444444444,0,,,,,
1156,37853.78888888889,0,,,,,
1157,37886.53333333333,0,,,,,
1158,37919.27777777778,0,,,,,
1159,37952.02222222223,0,,,,,
1160,37984.76666666666,0,,,,,
1161,38017.51111111111,1,1247.1622426792158,609.1763538122177,842.1901166229427,896.4813709259033,Right
1162,38050.25555555556,1,1256.7571195041169,661.0392469167709,821.283706942309,897.6035374403,Right
1163,38083.0,1,1263.5969539879354,698.2705450057983,818.5838397474389,899.0133118629456,Right
1164,38115.75555555556,1,1270.7153588638216,717.4033749103546,818.7934477471803,908.5813200473785,Right
1165,38148.5,1,1276.4706315356989,729.0789932012558,824.7264895601262,901.1268228292465,Right
1166,38181.24444444445,1,1277.485917014226,736.4234393835068,840.5641634047801,889.1648358106613,Right
1167,38213.98888888889,1,1277.624678975113,747.1824181079865,845.4462351021984,890.0702047348022,Right
1168,38246.73333333334,1,1274.903437624503,755.2684843540192,854.8109146243382,890.9503769874573,Right
1169,38279.47777777778,1,1276.5181412870131,755.8899039030075,857.49537254414,886.0857671499252,Right
1170,38312.222222222226,1,1274.2750322133966,755.2494245767593,856.1750932986404,881.709748506546,Right
1171,38344.966666666674,0,,,,,
1172,38377.71111111111,0,,,,,
1173,38410.455555555556,0,,,,,
1174,38443.200000000004,0,,,,,
1175,38475.955555555556,0,,,,,
1176,38508.700000000004,1,1246.769973289785,620.2183967828751,830.9454008954351,904.4923782348633,Right
1177,38541.444444444445,1,1217.0807215700675,572.2185015678406,826.9709590451239,890.3834813833237,Right
1178,38574.18888888889,0,,,,,
1179,38606.933333333334,0,,,,,
1180,38639.677777777775,0,,,,,
1181,38672.42222222222,0,,,,,
1182,38705.16666666667,0,,,,,
1183,38737.91111111111,0,,,,,
1184,38770.65555555555,0,,,,,
1185,38803.41111111111,0,,,,,
1186,38836.15555555555,0,,,,,
1187,38868.9,0,,,,,
1188,38901.64444444444,0,,,,,
1189,38934.38888888889,0,,,,,
1190,38967.13333333334,0,,,,,
1191,38999.87777777779,0,,,,,
1192,39032.62222222222,0,,,,,
1193,39065.36666666667,0,,,,,
1194,39098.11111111112,0,,,,,
1195,39130.86666666667,0,,,,,
1196,39163.61111111112,0,,,,,
1197,39196.35555555556,0,,,,,
1198,39229.100000000006,0,,,,,
1199,39261.84444444445,0,,,,,
1200,39294.58888888889,0,,,,,
1201,39327.333333333336,0,,,,,
1202,39360.077777777784,0,,,,,
1203,39392.822222222225,0,,,,,
1204,39425.566666666666,0,,,,,
1205,39458.322222222225,0,,,,,
1206,39491.066666666666,0,,,,,
1207,39523.811111111114,1,1201.4190901904983,520.9618332982063,862.4116638201482,886.9708371162415,Left
1208,39556.555555555555,1,1246.1567940214454,568.1214165687561,863.4914380304979,903.2685399055481,Right
1209,39589.3,1,1262.805508505138,608.5994267463684,868.5655108649734,910.7353109121323,Right
1210,39622.04444444445,1,1276.2832610296896,644.823802113533,867.2827475794874,919.2974585294724,Right
1211,39654.788888888885,1,1291.9034521856454,661.0834443569183,877.5064222418549,908.379687666893,Right
1212,39687.53333333333,1,1294.7681646134622,673.157547712326,877.6865459410834,898.1633520126343,Right
1213,39720.27777777778,1,1289.6788656362196,670.3449028730392,878.6949770391896,899.6048140525818,Right
1214,39753.02222222222,1,1301.0317602302937,682.8878885507584,877.1526367974589,900.0424218177795,Right
1215,39785.77777777778,1,1300.0782164990692,689.3950027227402,875.101659669686,906.3260114192963,Right
1216,39818.52222222222,1,1294.4206318290683,704.0965819358826,876.3967451428753,903.6585277318954,Right
1217,39851.26666666667,1,1296.1475171070165,692.9108530282974,869.466940375593,889.1905635595322,Right
1218,39884.01111111111,0,,,,,
1219,39916.75555555556,0,,,,,
1220,39949.5,0,,,,,
1221,39982.24444444445,0,,,,,
1222,40014.988888888896,0,,,,,
1223,40047.73333333333,1,1239.5159458638914,553.0110257863998,881.3862370158974,915.6946885585785,Right
1224,40080.47777777778,1,1186.8549968545071,506.24376118183136,880.289274530981,888.7379676103592,Left
1225,40113.23333333333,0,,,,,
1226,40145.97777777778,0,,,,,
1227,40178.722222222226,0,,,,,
1228,40211.46666666667,0,,,,,
1229,40244.211111111115,0,,,,,
1230,40276.955555555556,0,,,,,
1231,40309.7,0,,,,,
1232,40342.444444444445,0,,,,,
1233,40375.18888888889,0,,,,,
1234,40407.944444444445,0,,,,,
1235,40440.68888888889,0,,,,,
1236,40473.433333333334,0,,,,,
1237,40506.17777777778,0,,,,,
1238,40538.92222222222,0,,,,,
1239,40571.666666666664,0,,,,,
1240,40604.41111111111,0,,,,,
1241,40637.15555555556,0,,,,,
1242,40669.90000000001,0,,,,,
1243,40702.64444444444,0,,,,,
1244,40735.38888888889,0,,,,,
1245,40768.14444444444,0,,,,,
1246,40800.88888888889,0,,,,,
1247,40833.63333333334,0,,,,,
1248,40866.37777777778,0,,,,,
1249,40899.12222222223,0,,,,,
1250,40931.86666666667,0,,,,,
1251,40964.61111111111,0,,,,,
1252,40997.35555555556,0,,,,,
1253,41030.100000000006,0,,,,,
1254,41062.85555555556,0,,,,,
1255,41095.600000000006,0,,,,,
1256,41128.34444444445,0,,,,,
1257,41161.08888888889,0,,,,,
1258,41193.833333333336,1,1242.0307709491547,525.4812133312225,896.5885987455093,898.0111688375473,Left
1259,41226.57777777778,1,1242.28014482004,532.4624615907669,897.1592913199421,901.0681092739105,Right
1260,41259.322222222225,1,1243.2865353010743,536.7546880245209,890.9615448463145,893.0894976854324,Right
1261,41292.06666666667,1,1245.403910968955,543.4123331308365,891.3136036147266,896.8355405330658,Right
1262,41324.81111111111,1,1251.6966507834538,546.4547574520111,890.2935043728505,891.489007472992,Right
1263,41357.555555555555,1,1254.0875737859942,549.1443103551865,885.4535792664934,894.8383945226669,Right
1264,41390.3,1,1253.1228851461467,554.3584281206131,879.3594856754138,892.97667324543,Right
1265,41423.055555555555,1,1250.2640329519722,559.7507813572884,879.8002066394229,898.9688783884048,Right
1266,41455.8,1,1256.933659042591,563.4749615192413,887.1225424137093,895.7176226377487,Right
1267,41488.544444444444,0,,,,,
1268,41521.28888888889,0,,,,,
1269,41554.03333333334,0,,,,,
1270,41586.77777777778,0,,,,,
1271,41619.52222222222,1,1221.9579533423796,481.6129231452942,904.9679741630241,899.8625046014786,Right
1272,41652.26666666667,1,1168.177176472171,454.84305292367935,913.631492426918,891.8021661043167,Left
1273,41685.01111111112,0,,,,,
1274,41717.75555555556,0,,,,,
1275,41750.51111111112,0,,,,,
1276,41783.25555555556,0,,,,,
1277,41816.0,0,,,,,
1278,41848.74444444445,0,,,,,
1279,41881.48888888889,0,,,,,
1280,41914.23333333334,0,,,,,
1281,41946.977777777785,0,,,,,
1282,41979.72222222222,0,,,,,
1283,42012.46666666667,0,,,,,
1284,42045.211111111115,0,,,,,
1285,42077.96666666667,0,,,,,
1286,42110.711111111115,0,,,,,
1287,42143.455555555556,0,,,,,
1288,42176.200000000004,0,,,,,
1289,42208.944444444445,0,,,,,
1290,42241.688888888886,0,,,,,
1291,42274.433333333334,0,,,,,
1292,42307.17777777778,0,,,,,
1293,42339.92222222223,0,,,,,
1294,42372.666666666664,0,,,,,
1295,42405.42222222222,0,,,,,
1296,42438.166666666664,0,,,,,
1297,42470.91111111111,0,,,,,
1298,42503.65555555556,0,,,,,
1299,42536.4,0,,,,,
1300,42569.14444444445,0,,,,,
1301,42601.88888888889,0,,,,,
1302,42634.63333333333,0,,,,,
1303,42667.37777777778,0,,,,,
1304,42700.13333333333,0,,,,,
1305,42732.87777777778,1,1252.8038163537296,565.2220585942268,859.4136572387266,956.8424463272095,Right
1306,42765.62222222223,1,1285.1942171944263,609.7394728660583,855.1007345720584,984.1711574792862,Right
1307,42798.36666666667,1,1316.6598522369636,648.9720475673676,834.7205424783937,1014.0401887893677,Right
1308,42831.11111111111,1,1345.3667822923917,688.1359952688217,841.0486268270477,1020.7260990142822,Right
1309,42863.85555555556,1,1352.7406305668642,720.3110235929489,832.625404304245,1028.649537563324,Right
1310,42896.6,1,1360.1393848343164,742.1748304367065,838.6584886772272,1029.3481993675232,Right
1311,42929.34444444445,1,1359.5594309977882,761.6847252845764,852.8759910520887,1026.5383279323578,Right
1312,42962.088888888895,1,1362.1691709386505,779.0808141231537,844.7651660735834,1027.6934802532196,Right
1313,42994.833333333336,1,1367.2191226328664,791.6377258300781,868.4935921940686,1037.895004749298,Right
1314,43027.57777777778,1,1370.9772067500446,788.9878267049789,863.0339997035537,1038.4289145469666,Right
1315,43060.333333333336,1,1369.4004376356654,796.362190246582,866.7156914893236,1041.9228726625443,Right
1316,43093.07777777778,1,1378.1852418065491,810.757868885994,880.1097263904138,1035.0320255756378,Right
1317,43125.822222222225,1,1378.8161064228448,823.8969004154205,878.2981031804683,1040.9266304969788,Right
1318,43158.566666666666,1,1378.3472354079468,833.8355416059494,895.4484431992382,1049.3940103054047,Right
1319,43191.311111111114,1,1376.825562954508,829.8836177587509,903.5750698791719,1053.6910164356232,Right
1320,43224.05555555556,1,1367.3646866506597,834.3737000226974,930.3077814028384,1044.2830395698547,Right
1321,43256.8,1,1359.3518636151186,855.509517788887,942.8787935800318,1048.296332359314,Right
1322,43289.544444444444,1,1357.6074499597582,851.6132390499115,947.1199807080966,1054.4947135448456,Right
1323,43322.28888888889,1,1350.625190869026,855.8286362886429,945.0560535104445,1055.6217777729034,Right
1324,43355.044444444444,1,1345.9457943056561,859.3996596336365,953.0058790343309,1058.0558824539185,Left
1325,43387.78888888889,1,1334.0437644251906,863.2222366333008,970.6701667758812,1056.894475221634,Left
1326,43420.53333333334,1,1329.3828380624966,875.1529490947723,957.179254887392,1058.4493517875671,Left
1327,43453.27777777778,1,1330.376775547041,860.8945244550705,958.9841545257032,1059.5234262943268,Right
1328,43486.02222222222,1,1327.6434997880585,872.7888286113739,970.8545286797975,1046.4039266109467,Right
1329,43518.76666666667,1,1330.5774362257748,871.0847193002701,970.4478703238341,1047.8492832183838,Left
1330,43551.51111111111,1,1326.1243911868382,871.1697506904602,961.6572059193082,1045.8239310979843,Right
1331,43584.25555555556,1,1341.6027332945418,868.5124164819717,953.4137408311313,1050.1057720184326,Left
1332,43617.00000000001,1,1349.0177078515396,847.979371547699,944.3007897380368,1056.466190814972,Right
1333,43649.74444444444,1,1357.7637926215723,825.5236494541168,944.9381163083934,1058.6543476581573,Right
1334,43682.48888888889,1,1360.2276022800388,780.2701324224472,937.3846937315965,1061.3175237178802,Right
1335,43715.24444444444,1,1347.8534050032513,744.2557686567307,920.3885772722966,1059.9440395832062,Right
1336,43747.98888888889,1,1323.6310710661016,678.6301231384277,886.852108328172,1066.903395652771,Right
1337,43780.73333333334,1,1255.823249414406,605.2865660190582,835.4318021749696,1069.9599820375443,Right
1338,43813.47777777778,1,1149.5332617273364,525.3788334131241,854.9103293021985,1049.9687540531158,Right
1339,43846.222222222226,1,1043.2269491036918,493.3574044704437,866.443975477677,1051.1632061004639,Right
1340,43878.96666666667,1,984.0842415830874,479.83160108327866,867.705443092695,996.8397724628448,Right
1341,43911.71111111111,1,958.3933958833969,467.43017703294754,882.8816692267325,975.3208708763123,Right
1342,43944.455555555556,1,935.1626448726319,458.9395183324814,882.7127950831566,964.1868925094604,Right
1343,43977.200000000004,1,918.8928834438883,454.1417947411537,888.2276935286707,954.5421731472015,Left
1344,44009.955555555556,1,914.0698849945247,431.1782741546631,881.936706551913,938.7973809242249,Left
1345,44042.700000000004,0,,,,,
1346,44075.444444444445,0,,,,,
1347,44108.18888888889,0,,,,,
1348,44140.933333333334,0,,,,,
1349,44173.67777777778,0,,,,,
1350,44206.42222222222,0,,,,,
1351,44239.16666666667,0,,,,,
1352,44271.91111111112,0,,,,,
1353,44304.65555555555,0,,,,,
1354,44337.41111111112,0,,,,,
1355,44370.15555555555,0,,,,,
1356,44402.9,0,,,,,
1357,44435.64444444445,0,,,,,
1358,44468.38888888889,0,,,,,
1359,44501.13333333334,0,,,,,
1360,44533.87777777778,0,,,,,
1361,44566.62222222222,0,,,,,
1362,44599.36666666667,0,,,,,
1363,44632.11111111112,0,,,,,
1364,44664.86666666667,0,,,,,
1365,44697.61111111112,0,,,,,
1366,44730.35555555556,0,,,,,
1367,44763.1,0,,,,,
1368,44795.84444444445,0,,,,,
1369,44828.58888888889,0,,,,,
1370,44861.333333333336,0,,,,,
1371,44894.077777777784,0,,,,,
1372,44926.822222222225,0,,,,,
1373,44959.566666666666,0,,,,,
1374,44992.322222222225,0,,,,,
1375,45025.066666666666,0,,,,,
1376,45057.811111111114,0,,,,,
1377,45090.55555555556,0,,,,,
1378,45123.3,0,,,,,
1379,45156.044444444444,0,,,,,
1380,45188.78888888889,0,,,,,
1381,45221.53333333333,0,,,,,
1382,45254.27777777778,0,,,,,
1383,45287.02222222223,0,,,,,
1384,45319.77777777778,0,,,,,
1385,45352.52222222223,0,,,,,
1386,45385.26666666666,0,,,,,
1387,45418.01111111111,0,,,,,
1388,45450.75555555556,0,,,,,
1389,45483.5,0,,,,,
1390,45516.24444444445,0,,,,,
1391,45548.988888888896,0,,,,,
1392,45581.73333333333,0,,,,,
1393,45614.47777777778,0,,,,,
1394,45647.23333333333,0,,,,,
1395,45679.97777777778,0,,,,,
1396,45712.722222222226,0,,,,,
1397,45745.46666666667,0,,,,,
1398,45778.211111111115,0,,,,,
1399,45810.955555555556,0,,,,,
1400,45843.700000000004,0,,,,,
1401,45876.444444444445,0,,,,,
1402,45909.18888888889,0,,,,,
1403,45941.944444444445,0,,,,,
1404,45974.68888888889,0,,,,,
1405,46007.43333333334,0,,,,,
1406,46040.177777777775,0,,,,,
1407,46072.92222222222,0,,,,,
1408,46105.66666666667,0,,,,,
1409,46138.41111111111,0,,,,,
1410,46171.15555555556,0,,,,,
1411,46203.9,0,,,,,
1412,46236.64444444444,0,,,,,
1413,46269.38888888889,0,,,,,
1414,46302.14444444444,0,,,,,
1415,46334.88888888889,0,,,,,
1416,46367.63333333334,0,,,,,
1417,46400.37777777778,0,,,,,
1418,46433.12222222222,0,,,,,
1419,46465.86666666667,0,,,,,
1420,46498.61111111111,0,,,,,
1421,46531.35555555556,0,,,,,
1422,46564.100000000006,0,,,,,
1423,46596.85555555556,0,,,,,
1424,46629.600000000006,0,,,,,
1425,46662.34444444445,0,,,,,
1426,46695.08888888889,0,,,,,
1427,46727.833333333336,0,,,,,
1428,46760.577777777784,0,,,,,
1429,46793.322222222225,0,,,,,
1430,46826.06666666667,0,,,,,
1431,46858.811111111114,0,,,,,
1432,46891.555555555555,0,,,,,
1433,46924.311111111114,0,,,,,
1434,46957.055555555555,0,,,,,
1435,46989.8,1,1231.6984465085886,586.6551321744919,829.2452267717225,974.829683303833,Right
1436,47022.54444444445,1,1272.6530555823483,643.4903848171234,815.5564011890192,1001.2369751930237,Right
1437,47055.28888888889,1,1297.6251331611088,673.7116974592209,803.5652120395674,1009.4636589288712,Right
1438,47088.03333333333,1,1308.9135128616028,705.462749004364,809.263242786403,1027.3642122745514,Right
1439,47120.77777777778,1,1326.447855154487,727.9242539405823,814.3784942269185,1034.5964241027832,Right
1440,47153.52222222222,1,1333.1293586829343,741.6746735572815,828.6300853715832,1046.1772155761719,Right
1441,47186.26666666667,1,1329.1954675564873,748.4860950708389,833.8944588288892,1035.8549004793167,Right
1442,47219.01111111112,1,1332.4644837821074,769.0619212388992,845.9083825454622,1026.3257789611816,Right
1443,47251.76666666667,1,1335.2341767072958,778.4641742706299,839.0512813018048,1025.7592964172363,Right
1444,47284.51111111112,1,1338.2542376501478,786.3831871747971,843.7551652700373,1039.673877954483,Right
1445,47317.25555555555,1,1351.1025906168143,794.5878607034683,862.1970327629992,1042.0975971221924,Right
1446,47350.0,1,1362.1919316675292,805.4623782634735,884.6013338596572,1032.4003601074219,Right
1447,47382.74444444445,1,1350.2743617032086,821.8413949012756,875.0876369677562,1044.9716699123383,Right
1448,47415.48888888889,1,1349.334840673914,829.0834611654282,892.3784917851546,1055.9312188625336,Right
1449,47448.23333333334,1,1351.2881297998103,827.9480177164078,898.3906990757861,1055.3362941741943,Right
1450,47480.97777777778,1,1346.3386392537482,837.2544407844543,903.4316249637224,1057.3397541046143,Right
1451,47513.722222222226,1,1340.01628432995,841.8018794059753,911.9767612756906,1050.0099420547485,Right
1452,47546.46666666667,1,1347.7084165441192,847.3624366521835,914.8721352831001,1052.5593495368958,Right
1453,47579.222222222226,1,1337.7103870387373,854.6320009231567,917.369745932039,1052.9155844449997,Right
1454,47611.96666666667,1,1329.364734126423,861.5953695774078,920.7625595933528,1054.3746900558472,Right
1455,47644.711111111115,1,1322.9184247963874,862.3667299747467,916.6106363813036,1050.4493790864944,Left
1456,47677.45555555556,1,1320.0321550805293,862.6073670387268,904.2475316896249,1056.0085201263428,Left
1457,47710.2,1,1319.2730455297938,852.3928016424179,901.5467488332482,1046.9197797775269,Right
1458,47742.944444444445,1,1316.1413785301647,848.2803744077682,892.6297231408105,1052.1750855445862,Right
1459,47775.68888888889,1,1315.9694957844956,843.6798280477524,895.8170885217986,1056.310408115387,Right
1460,47808.433333333334,1,1327.548637255974,837.5075876712799,894.1507153885585,1050.109430551529,Left
1461,47841.17777777778,1,1334.082065237924,834.1009032726288,890.9163896531601,1055.753720998764,Right
1462,47873.933333333334,1,1342.3293499426713,825.176619887352,876.587699809639,1052.777327299118,Right
1463,47906.67777777778,1,1357.205919308232,785.9456384181976,870.0960259923902,1056.4664268493652,Right
1464,47939.42222222222,1,1349.9739200820118,753.1240528821945,861.4624367788836,1049.3504029512405,Right
1465,47972.166666666664,1,1342.8327544772471,705.7118833065033,839.5209894929374,1050.8257949352264,Right
1466,48004.91111111111,1,1308.7628734628872,661.4900135993958,819.2691469807418,1053.493573665619,Right
1467,48037.65555555556,1,1270.5522141451013,615.3448176383972,816.6662614203002,1037.313416004181,Right
1468,48070.4,1,1215.702624840865,575.2598342299461,818.6922017463066,1033.8071250915527,Right
1469,48103.14444444445,1,1168.5084366435044,538.710646033287,828.3424891732362,1010.0066560506821,Right
1470,48135.88888888889,1,1111.8848708981227,499.13664758205414,845.0483409349413,978.7902814149857,Right
1471,48168.63333333333,1,1051.3862256567754,480.0612625479698,862.4323839319549,974.0061002969742,Right
1472,48201.37777777778,1,1023.0477054680917,476.41373455524445,870.3670879601035,945.3555965423584,Right
1473,48234.13333333333,1,1001.5905123103545,466.9824492931366,876.3803417210282,938.6102056503296,Right
1474,48266.87777777778,1,990.5607415810839,456.1203235387802,873.0596560246779,927.8209555149078,Left
1475,48299.62222222223,1,975.0327967814795,441.53729259967804,878.8020309501908,924.7273707389832,Right
1476,48332.366666666676,1,972.5430346597401,441.363128721714,872.575637352285,923.6385440826416,Right
1477,48365.11111111111,0,,,,,
1478,48397.85555555556,0,,,,,
1479,48430.600000000006,0,,,,,
1480,48463.34444444445,0,,,,,
1481,48496.088888888895,0,,,,,
1482,48528.84444444445,0,,,,,
1483,48561.588888888895,0,,,,,
1484,48594.333333333336,0,,,,,
1485,48627.07777777778,0,,,,,
1486,48659.822222222225,0,,,,,
1487,48692.56666666667,0,,,,,
1488,48725.311111111114,0,,,,,
1489,48758.055555555555,0,,,,,
1490,48790.8,0,,,,,
1491,48823.544444444444,0,,,,,
1492,48856.3,0,,,,,
1493,48889.044444444444,0,,,,,
1494,48921.78888888889,0,,,,,
1495,48954.53333333334,0,,,,,
1496,48987.277777777774,0,,,,,
1497,49020.02222222222,0,,,,,
1498,49052.76666666667,0,,,,,
1499,49085.51111111111,0,,,,,
1500,49118.25555555556,0,,,,,
1501,49151.0,0,,,,,
1502,49183.75555555556,0,,,,,
1503,49216.5,0,,,,,
1504,49249.24444444445,0,,,,,
1505,49281.98888888889,0,,,,,
1506,49314.73333333334,0,,,,,
1507,49347.477777777785,0,,,,,
1508,49380.222222222226,0,,,,,
1509,49412.96666666667,0,,,,,
1510,49445.711111111115,0,,,,,
1511,49478.455555555556,1,1137.8023820633346,564.9674069881439,854.1966365621909,928.0152708292007,Left
1512,49511.211111111115,1,1185.2943957061589,578.4965443611145,849.6331365838,940.4266083240509,Right
1513,49543.955555555556,1,1210.3771375184322,617.6648586988449,858.7826879754016,939.0225577354431,Right
1514,49576.700000000004,1,1230.2884324354416,638.7272697687149,823.5560910223796,939.6848702430725,Right
1515,49609.44444444445,1,1242.6011495824996,666.1422514915466,830.203113354664,940.7048338651657,Right
1516,49642.188888888886,1,1254.5502183026474,694.6362054347992,830.46248101685,944.917693734169,Right
1517,49674.933333333334,1,1257.3381198109385,702.12038397789,840.5710701087156,948.4717226028442,Right
1518,49707.67777777778,1,1263.391427222338,707.6988208293915,850.4151899957154,945.6797897815704,Right
1519,49740.42222222222,1,1265.4164518868379,708.9675056934357,854.6654029300596,956.3516128063202,Right
1520,49773.16666666667,1,1271.8126352898262,713.1538116931915,833.6633720263786,946.2685185670853,Right
1521,49805.92222222222,1,1272.4314654977493,711.052810549736,847.4283283229171,944.4311088323593,Right
1522,49838.66666666667,1,1274.4029108832337,714.9012333154678,846.1320394088906,948.8631266355515,Right
1523,49871.41111111111,1,1277.1288613501636,716.4868533611298,836.6087149902917,937.0996445417404,Right
1524,49904.15555555555,1,1277.4522206707827,718.7921422719955,850.3860196362906,933.1628859043121,Right
1525,49936.9,1,1285.2018041040526,721.8900346755981,841.9847729896464,943.5013103485107,Right
1526,49969.64444444445,1,1287.1530002893624,727.3542308807373,854.3596504721245,941.4114028215408,Right
1527,50002.3888888889,1,1290.1620732941353,729.5603263378143,846.8056261749089,932.708283662796,Right
1528,50035.13333333333,1,1289.3802030145214,729.1650867462158,842.2759271869905,931.7846220731735,Right
1529,50067.87777777778,1,1289.7835126655461,725.8722299337387,838.8167149855691,928.4535276889801,Right
1530,50100.62222222223,1,1284.622530473215,732.7328056097031,842.6530489189264,938.1829243898392,Right
1531,50133.37777777778,1,1286.5354258457912,739.6833103895187,839.6312874618477,925.0719219446182,Right
1532,50166.12222222223,0,,,,,
1533,50198.86666666667,0,,,,,
1534,50231.61111111112,0,,,,,
1535,50264.35555555556,0,,,,,
1536,50297.1,0,,,,,
1537,50329.84444444445,0,,,,,
1538,50362.588888888895,0,,,,,
1539,50395.333333333336,0,,,,,
1540,50428.07777777778,0,,,,,
1541,50460.833333333336,0,,,,,
1542,50493.57777777778,0,,,,,
1543,50526.322222222225,0,,,,,
1544,50559.066666666666,0,,,,,
1545,50591.811111111114,0,,,,,
1546,50624.55555555556,0,,,,,
1547,50657.3,0,,,,,
1548,50690.044444444444,0,,,,,
1549,50722.78888888889,0,,,,,
1550,50755.544444444444,0,,,,,
1551,50788.28888888889,0,,,,,
1552,50821.03333333333,0,,,,,
1553,50853.77777777778,0,,,,,
1554,50886.52222222223,0,,,,,
1555,50919.26666666667,0,,,,,
1556,50952.01111111111,0,,,,,
1557,50984.75555555556,0,,,,,
1558,51017.50000000001,0,,,,,
1559,51050.24444444445,0,,,,,
1560,51082.98888888889,0,,,,,
1561,51115.74444444445,0,,,,,
1562,51148.48888888889,0,,,,,
1563,51181.23333333334,0,,,,,
1564,51213.97777777778,0,,,,,
1565,51246.722222222226,0,,,,,
1566,51279.466666666674,0,,,,,
1567,51312.21111111111,0,,,,,
1568,51344.955555555556,0,,,,,
1569,51377.700000000004,0,,,,,
1570,51410.455555555556,0,,,,,
1571,51443.200000000004,0,,,,,
1572,51475.944444444445,0,,,,,
1573,51508.68888888889,0,,,,,
1574,51541.433333333334,0,,,,,
1575,51574.177777777775,0,,,,,
1576,51606.92222222222,0,,,,,
1577,51639.66666666667,0,,,,,
1578,51672.41111111112,0,,,,,
1579,51705.15555555555,0,,,,,
1580,51737.91111111111,0,,,,,
1581,51770.65555555555,0,,,,,
1582,51803.4,0,,,,,
1583,51836.14444444445,0,,,,,
1584,51868.88888888889,0,,,,,
1585,51901.63333333334,0,,,,,
1586,51934.37777777778,0,,,,,
1587,51967.12222222222,0,,,,,
1588,51999.86666666667,0,,,,,
1589,52032.61111111112,0,,,,,
1590,52065.36666666667,0,,,,,
1591,52098.11111111112,0,,,,,
1592,52130.85555555556,0,,,,,
1593,52163.600000000006,0,,,,,
1594,52196.34444444445,0,,,,,
1595,52229.08888888889,0,,,,,
1596,52261.833333333336,0,,,,,
1597,52294.577777777784,0,,,,,
1598,52327.322222222225,0,,,,,
1599,52360.077777777784,0,,,,,
1600,52392.822222222225,0,,,,,
1601,52425.566666666666,0,,,,,
1602,52458.311111111114,0,,,,,
1603,52491.055555555555,0,,,,,
1604,52523.8,0,,,,,
1605,52556.54444444445,0,,,,,
1606,52589.28888888889,0,,,,,
1607,52622.03333333333,0,,,,,
1608,52654.77777777778,0,,,,,
1609,52687.53333333333,0,,,,,
1610,52720.27777777778,1,1185.313650759555,474.18241292238235,908.6878097909836,934.9752759933472,Right
1611,52753.02222222223,1,1107.5368391531154,443.62360060214996,921.4499336054848,898.7741500139236,Left
1612,52785.76666666667,0,,,,,
1613,52818.51111111111,0,,,,,
1614,52851.25555555556,0,,,,,
1615,52884.0,0,,,,,
1616,52916.74444444445,0,,,,,
1617,52949.488888888896,0,,,,,
1618,52982.24444444445,0,,,,,
1619,53014.988888888896,0,,,,,
1620,53047.73333333333,0,,,,,
1621,53080.47777777778,0,,,,,
1622,53113.222222222226,0,,,,,
1623,53145.96666666667,0,,,,,
1624,53178.711111111115,0,,,,,
1625,53211.455555555556,0,,,,,
1626,53244.2,0,,,,,
1627,53276.944444444445,0,,,,,
1628,53309.68888888889,0,,,,,
1629,53342.444444444445,0,,,,,
1630,53375.18888888889,0,,,,,
1631,53407.933333333334,0,,,,,
1632,53440.67777777778,0,,,,,
1633,53473.42222222222,0,,,,,
1634,53506.16666666667,0,,,,,
1635,53538.91111111111,0,,,,,
1636,53571.65555555556,0,,,,,
1637,53604.40000000001,0,,,,,
1638,53637.15555555556,0,,,,,
1639,53669.90000000001,0,,,,,
1640,53702.64444444444,0,,,,,
1641,53735.38888888889,0,,,,,
1642,53768.13333333334,0,,,,,
1643,53800.87777777778,0,,,,,
1644,53833.62222222223,0,,,,,
1645,53866.36666666667,0,,,,,
1646,53899.11111111111,0,,,,,
1647,53931.85555555556,0,,,,,
1648,53964.61111111111,0,,,,,
1649,53997.35555555556,0,,,,,
1650,54030.100000000006,0,,,,,
1651,54062.84444444445,0,,,,,
1652,54095.58888888889,0,,,,,
1653,54128.333333333336,0,,,,,
1654,54161.07777777778,0,,,,,
1655,54193.822222222225,0,,,,,
1656,54226.56666666667,0,,,,,
1657,54259.322222222225,0,,,,,
1658,54292.06666666667,0,,,,,
1659,54324.811111111114,0,,,,,
1660,54357.555555555555,0,,,,,
1661,54390.3,0,,,,,
1662,54423.04444444445,0,,,,,
1663,54455.78888888889,0,,,,,
1664,54488.53333333333,0,,,,,
1665,54521.27777777778,0,,,,,
1666,54554.02222222222,0,,,,,
1667,54586.77777777778,0,,,,,
1668,54619.52222222222,0,,,,,
1669,54652.26666666667,0,,,,,
1670,54685.01111111112,0,,,,,
1671,54717.75555555556,0,,,,,
1672,54750.5,0,,,,,
1673,54783.24444444445,0,,,,,
1674,54815.98888888889,0,,,,,
1675,54848.73333333334,0,,,,,
1676,54881.477777777785,0,,,,,
1677,54914.23333333334,0,,,,,
1678,54946.977777777785,0,,,,,
1679,54979.72222222222,0,,,,,
1680,55012.46666666667,0,,,,,
1681,55045.211111111115,0,,,,,
1682,55077.955555555556,0,,,,,
1683,55110.700000000004,0,,,,,
1684,55143.444444444445,0,,,,,
1685,55176.18888888889,0,,,,,
1686,55208.944444444445,0,,,,,
1687,55241.68888888889,0,,,,,
1688,55274.433333333334,0,,,,,
1689,55307.17777777778,0,,,,,
1690,55339.92222222223,0,,,,,
1691,55372.666666666664,0,,,,,
1692,55405.41111111111,0,,,,,
1693,55438.15555555556,0,,,,,
1694,55470.9,0,,,,,
1695,55503.64444444445,0,,,,,
1696,55536.4,0,,,,,
1697,55569.14444444445,0,,,,,
1698,55601.88888888889,0,,,,,
1699,55634.63333333333,0,,,,,
1700,55667.37777777778,0,,,,,
1701,55700.12222222223,0,,,,,
1702,55732.86666666667,0,,,,,
1703,55765.61111111111,0,,,,,
1704,55798.35555555556,0,,,,,
1705,55831.1,0,,,,,
1706,55863.85555555556,0,,,,,
1707,55896.6,0,,,,,
1708,55929.34444444445,0,,,,,
1709,55962.088888888895,0,,,,,
1710,55994.83333333334,0,,,,,
1711,56027.57777777778,0,,,,,
1712,56060.322222222225,0,,,,,
1713,56093.06666666667,0,,,,,
1714,56125.811111111114,0,,,,,
1715,56158.55555555556,0,,,,,
1716,56191.311111111114,0,,,,,
1717,56224.05555555556,0,,,,,
1718,56256.8,0,,,,,
1719,56289.544444444444,0,,,,,
1720,56322.28888888889,0,,,,,
1721,56355.03333333334,0,,,,,
1722,56387.77777777778,0,,,,,
1723,56420.52222222222,0,,,,,
1724,56453.26666666667,0,,,,,
1725,56486.02222222222,0,,,,,
1726,56518.76666666667,0,,,,,
1727,56551.51111111111,0,,,,,
1728,56584.25555555556,0,,,,,
1729,56617.00000000001,0,,,,,
1730,56649.74444444444,0,,,,,
1731,56682.48888888889,1,1262.633782730013,407.93089270591736,965.8659524682818,751.127142906189,Left
1732,56715.23333333334,1,1209.6674736890536,363.5781714320183,945.0363275454165,719.467082619667,Left
1733,56747.97777777778,0,,,,,
1734,56780.73333333334,0,,,,,
1735,56813.47777777778,0,,,,,
1736,56846.222222222226,0,,,,,
1737,56878.96666666667,0,,,,,
1738,56911.711111111115,0,,,,,
1739,56944.455555555556,0,,,,,
1740,56977.200000000004,0,,,,,
1741,57009.94444444445,0,,,,,
1742,57042.688888888886,0,,,,,
1743,57075.433333333334,0,,,,,
1744,57108.17777777778,0,,,,,
1745,57140.933333333334,0,,,,,
1746,57173.67777777778,0,,,,,
1747,57206.42222222222,0,,,,,
1748,57239.16666666667,0,,,,,
1749,57271.91111111112,0,,,,,
1750,57304.65555555555,0,,,,,
1751,57337.4,0,,,,,
1752,57370.14444444445,0,,,,,
1753,57402.88888888889,0,,,,,
1754,57435.64444444445,0,,,,,
1755,57468.38888888889,0,,,,,
1756,57501.13333333334,0,,,,,
1757,57533.87777777778,0,,,,,
1758,57566.62222222222,0,,,,,
1759,57599.36666666667,0,,,,,
1760,57632.11111111112,0,,,,,
1761,57664.855555555565,0,,,,,
1762,57697.6,1,961.6213643117638,490.5503064393997,926.3822358769801,868.9715033769608,Right
1763,57730.355555555565,0,,,,,
1764,57763.1,0,,,,,
1765,57795.84444444445,0,,,,,
1766,57828.588888888895,0,,,,,
1767,57861.333333333336,0,,,,,
1768,57894.077777777784,0,,,,,
1769,57926.822222222225,0,,,,,
1770,57959.566666666666,0,,,,,
1771,57992.311111111114,0,,,,,
1772,58025.05555555556,0,,,,,
1773,58057.811111111114,0,,,,,
1774,58090.55555555556,0,,,,,
1775,58123.3,0,,,,,
1776,58156.044444444444,0,,,,,
1777,58188.78888888889,0,,,,,
1778,58221.53333333333,0,,,,,
1779,58254.27777777778,0,,,,,
1780,58287.02222222223,0,,,,,
1781,58319.76666666666,0,,,,,
1782,58352.51111111111,0,,,,,
1783,58385.26666666666,0,,,,,
1784,58418.01111111111,0,,,,,
1785,58450.75555555556,0,,,,,
1786,58483.5,0,,,,,
1787,58516.24444444445,0,,,,,
1788,58548.988888888896,0,,,,,
1789,58581.73333333334,0,,,,,
1790,58614.47777777778,0,,,,,
1791,58647.222222222226,0,,,,,
1792,58679.97777777778,1,1253.4183037099358,635.7957816123962,828.6390065308333,901.0341203212738,Right
1793,58712.722222222226,1,1216.044192744587,584.3536788225174,833.6526980293874,915.6682527065277,Right
1794,58745.466666666674,1,1187.997271503122,543.8094019889832,852.5092032142989,903.8301837444305,Right
1795,58778.211111111115,1,1132.313069816491,497.5415861606598,867.0491754100303,883.0904316902161,Right
1796,58810.955555555556,1,1070.457937457497,463.08251202106476,864.5048660242544,883.007937669754,Right
1797,58843.700000000004,0,,,,,
1798,58876.444444444445,0,,,,,
1799,58909.18888888889,1,968.1703847010838,416.92457020282745,883.3986255516061,916.687508225441,Right
1800,58941.93333333334,1,947.7737630238147,420.6689018011093,887.9326150677268,914.1160905361176,Right
1801,58974.677777777775,0,,,,,
1802,59007.43333333334,0,,,,,
1803,59040.177777777775,0,,,,,
1804,59072.92222222222,0,,,,,
1805,59105.66666666667,0,,,,,
1806,59138.41111111111,0,,,,,
1807,59171.15555555556,0,,,,,
1808,59203.9,0,,,,,
1809,59236.64444444444,0,,,,,
1810,59269.38888888889,0,,,,,
1811,59302.14444444444,0,,,,,
1812,59334.88888888889,0,,,,,
1813,59367.63333333334,0,,,,,
1814,59400.37777777779,0,,,,,
1815,59433.12222222222,1,1158.2205348668876,545.9954050183296,1049.2390779090515,517.5845646858215,Left
1816,59465.86666666667,1,1112.046759852491,516.9506648182869,1085.57116607988,536.8088874220848,Left
1817,59498.61111111112,0,,,,,
1818,59531.35555555556,0,,,,,
1819,59564.100000000006,0,,,,,
1820,59596.85555555556,0,,,,,
1821,59629.600000000006,0,,,,,
1822,59662.34444444445,0,,,,,
1823,59695.08888888889,0,,,,,
1824,59727.833333333336,0,,,,,
1825,59760.577777777784,0,,,,,
1826,59793.322222222225,0,,,,,
1827,59826.06666666667,0,,,,,
1828,59858.811111111114,0,,,,,
1829,59891.555555555555,0,,,,,
1830,59924.3,0,,,,,
1831,59957.055555555555,0,,,,,
1832,59989.8,0,,,,,
1833,60022.54444444445,0,,,,,
1834,60055.28888888889,0,,,,,
1835,60088.03333333333,0,,,,,
1836,60120.77777777778,0,,,,,
1837,60153.52222222222,0,,,,,
1838,60186.26666666667,0,,,,,
1839,60219.01111111112,0,,,,,
1840,60251.76666666667,0,,,,,
1841,60284.51111111112,1,976.089600968892,466.2562304735184,895.028625479337,936.0623323917389,Right
1842,60317.25555555556,1,964.8090697955973,453.4181722998619,903.9496539206466,927.6458179950714,Right
1843,60350.0,1,969.0862816635079,446.21738255023956,901.352916373178,918.6902010440826,Right
1844,60382.74444444445,1,961.4531703738786,441.99508130550385,906.9610814835793,920.4776895046234,Right
1845,60415.488888888896,1,962.3190983797992,426.3274723291397,906.8774685071473,918.1965351104736,Right
1846,60448.23333333334,1,961.4764804996611,415.4071640968323,909.0490513362191,914.4486629962921,Right
1847,60480.97777777778,1,951.7190345147011,419.7212827205658,906.3600935941564,911.842548251152,Right
1848,60513.722222222226,1,954.2186334571973,411.76285207271576,905.3999047765699,909.038872718811,Right
1849,60546.46666666667,1,956.354165384666,407.489213347435,906.699960983652,911.7989999055862,Right
1850,60579.222222222226,1,950.8477171867702,405.175958275795,908.5183600887464,910.9904050827026,Right
1851,60611.96666666667,1,958.4151624654969,409.294758439064,903.8748574564354,904.4461154937744,Right
1852,60644.711111111115,1,958.9233807634217,412.9588973522186,905.6944338406097,905.4683804512024,Right
1853,60677.45555555556,1,957.7947887138912,409.8821595311165,907.3598651505858,903.6493813991547,Right
1854,60710.2,1,958.5996813399571,430.2905488014221,904.8009313424615,901.0845136642456,Right
1855,60742.944444444445,1,956.8252339871799,418.0658555030823,900.9284941839865,899.6244049072266,Right
1856,60775.68888888889,1,955.431492527093,422.7037838101387,898.2835666795129,895.1588702201843,Right
1857,60808.433333333334,1,958.2186615061788,440.49939036369324,893.0205797953455,893.7804883718491,Right
1858,60841.17777777778,1,961.4611758716221,455.00036984682083,892.719693424274,899.4988936185837,Right
1859,60873.933333333334,1,960.6753028431364,430.72833359241486,893.1969623632755,901.0091596841812,Right
1860,60906.67777777778,1,954.1969715221267,440.57987809181213,890.0420375613786,901.0852807760239,Right
1861,60939.42222222222,1,957.1607062014438,437.9806673526764,889.8949038381454,905.2691674232483,Right
1862,60972.166666666664,1,955.6639659027421,429.78071451187134,887.1062959624063,903.2477688789368,Right
1863,61004.91111111111,1,952.2597718769891,456.8551576137543,878.1320545066842,900.4746007919312,Right
1864,61037.65555555556,1,956.2910370642247,420.3223443031311,883.9763033152465,898.348639011383,Right
1865,61070.40000000001,1,955.4057231961214,432.9122123122215,881.5317225484189,900.6142151355743,Right
1866,61103.14444444445,1,950.6345773497891,454.91368621587753,881.081792645829,903.3357506990433,Right
1867,61135.88888888889,1,956.0092226142481,438.6458417773247,879.3135456295394,902.8802633285522,Right
1868,61168.64444444445,1,946.320163462953,470.1933726668358,878.652804286371,905.1690888404846,Right
