schema_version,trial_id,touch_index,flash_frame,flash_time_video_ms,touch_time_video_ms,alignment_method,uncertainty_ms,status
1,trial_0000,0,135,5400.000,5400.000,existing_event_cache,,matched
1,trial_0001,0,172,6880.000,6880.000,existing_event_cache,,matched
1,trial_0002,0,215,8600.000,8600.000,existing_event_cache,,matched
1,trial_0003,0,280,11200.000,11200.000,existing_event_cache,,matched
1,trial_0004,0,320,12800.000,12800.000,existing_event_cache,,matched
1,trial_0005,0,363,14520.000,14520.000,existing_event_cache,,matched
1,trial_0006,0,404,16160.000,16160.000,existing_event_cache,,matched
1,trial_0007,0,447,17880.000,17880.000,existing_event_cache,,matched
1,trial_0008,0,485,19400.000,19400.000,existing_event_cache,,matched
1,trial_0009,0,518,20720.000,20720.000,existing_event_cache,,matched
1,trial_0010,0,556,22240.000,22240.000,existing_event_cache,,matched
1,trial_0011,0,598,23920.000,23920.000,existing_event_cache,,matched
1,trial_0012,0,635,25400.000,25400.000,existing_event_cache,,matched
1,trial_0013,0,676,27040.000,27040.000,existing_event_cache,,matched
1,trial_0014,0,714,28560.000,28560.000,existing_event_cache,,matched
1,trial_0015,0,771,30840.000,30840.000,existing_event_cache,,matched
1,trial_0016,0,816,32640.000,32640.000,existing_event_cache,,matched
1,trial_0017,0,859,34360.000,34360.000,existing_event_cache,,matched
1,trial_0018,0,904,36160.000,36160.000,existing_event_cache,,matched
1,trial_0019,0,944,37760.000,37760.000,existing_event_cache,,matched
1,trial_0020,0,982,39280.000,39280.000,existing_event_cache,,matched
1,trial_0021,0,1024,40960.000,40960.000,existing_event_cache,,matched
1,trial_0022,0,1068,42720.000,42720.000,existing_event_cache,,matched
1,trial_0023,0,1105,44200.000,44200.000,existing_event_cache,,matched
1,trial_0024,0,1144,45760.000,45760.000,existing_event_cache,,matched
1,trial_0025,0,1190,47600.000,47600.000,existing_event_cache,,matched
1,trial_0026,0,1280,51200.000,51200.000,existing_event_cache,,matched
1,trial_0027,0,1322,52880.000,52880.000,existing_event_cache,,matched
1,trial_0028,0,1366,54640.000,54640.000,existing_event_cache,,matched
1,trial_0029,0,1409,56360.000,56360.000,existing_event_cache,,matched
