schema_version,session_id,trial_id,touch_index,decision,reason_code,note,updated_at_utc
1,session_20260917013532709_2,trial_0000,0,keep,,,2026-09-17T03:22:53+00:00
1,session_20260917013532709_2,trial_0001,0,pending,,,
1,session_20260917013532709_2,trial_0002,0,pending,,,
1,session_20260917013532709_2,trial_0003,0,pending,,,
1,session_20260917013532709_2,trial_0004,0,pending,,,
1,session_20260917013532709_2,trial_0005,0,pending,,,
1,session_20260917013532709_2,trial_0006,0,pending,,,
1,session_20260917013532709_2,trial_0007,0,pending,,,
1,session_20260917013532709_2,trial_0008,0,pending,,,
1,session_20260917013532709_2,trial_0009,0,pending,,,
1,session_20260917013532709_2,trial_0010,0,pending,,,
1,session_20260917013532709_2,trial_0011,0,pending,,,
1,session_20260917013532709_2,trial_0012,0,pending,,,
1,session_20260917013532709_2,trial_0013,0,pending,,,
1,session_20260917013532709_2,trial_0014,0,pending,,,
1,session_20260917013532709_2,trial_0015,0,pending,,,
1,session_20260917013532709_2,trial_0016,0,pending,,,
1,session_20260917013532709_2,trial_0017,0,pending,,,
1,session_20260917013532709_2,trial_0018,0,pending,,,
1,session_20260917013532709_2,trial_0019,0,pending,,,
1,session_20260917013532709_2,trial_0020,0,pending,,,
1,session_20260917013532709_2,trial_0021,0,pending,,,
1,session_20260917013532709_2,trial_0022,0,pending,,,
1,session_20260917013532709_2,trial_0023,0,pending,,,
1,session_20260917013532709_2,trial_0024,0,pending,,,
1,session_20260917013532709_2,trial_0025,0,pending,,,
1,session_20260917013532709_2,trial_0026,0,pending,,,
1,session_20260917013532709_2,trial_0027,0,pending,,,
1,session_20260917013532709_2,trial_0028,0,pending,,,
1,session_20260917013532709_2,trial_0029,0,pending,,,
