frame_index,video_time_ms,thumb_tip_x_px,thumb_tip_y_px,valid,invalid_reason
0,0.0,1685.0342559814453,923.5434436798096,1,
1,40.0,1808.0690002441406,1165.5987310409546,1,
2,80.0,1714.5735168457031,957.0243000984192,1,
3,120.00000000000001,1681.2958145141602,920.1840090751648,1,
4,160.0,1692.7280044555664,934.1825008392334,1,
5,200.0,1688.7699508666992,942.3886442184448,1,
6,240.00000000000003,1715.1448059082031,974.2350697517395,1,
7,280.0,1710.2668762207031,937.517409324646,1,
8,320.0,1707.4128341674805,944.5947074890137,1,
9,360.00000000000006,1717.935447692871,939.9801921844482,1,
10,400.0,1728.442268371582,1001.4206314086914,1,
11,440.00000000000006,1743.2061767578125,948.4935235977173,1,
12,480.00000000000006,1749.7619247436523,959.3732714653015,1,
13,520.0,1753.9058303833008,988.9923906326294,1,
14,560.0,1773.7839889526367,972.475368976593,1,
15,600.0000000000001,1752.8258514404297,954.2130661010742,1,
16,640.0,1764.6483993530273,980.1501774787903,1,
17,680.0,1750.1830673217773,947.4036884307861,1,
18,720.0000000000001,1771.3523483276367,974.0624856948853,1,
19,760.0,1778.7115859985352,981.5932273864746,1,
20,800.0,1789.0122985839844,993.0595421791077,1,
21,840.0000000000001,1780.1558303833008,950.6237554550171,1,
22,880.0000000000001,1800.6200408935547,988.8064813613892,1,
23,920.0,1838.7519836425781,1060.8563661575317,1,
24,960.0000000000001,1938.804931640625,1158.2735967636108,1,
25,1000.0,1792.4260711669922,967.4818897247314,1,
26,1040.0,1801.1656951904297,975.4974889755249,1,
27,1080.0,1791.1255645751953,1000.294554233551,1,
28,1120.0,1974.528579711914,1436.4259243011475,1,
29,1160.0000000000002,1972.0820617675781,1464.0367984771729,1,
30,1200.0000000000002,1953.7953186035156,1604.2598962783813,1,
31,1240.0,1975.3692626953125,1493.651990890503,1,
32,1280.0,1924.4304656982422,1189.873023033142,1,
33,1320.0,1794.108009338379,965.4072761535645,1,
34,1360.0,,,0,no_hand
35,1400.0000000000002,,,0,no_hand
36,1440.0000000000002,1954.6476745605469,1257.952766418457,1,
37,1480.0000000000002,1878.823127746582,1116.0477304458618,1,
38,1520.0,1897.4037551879883,1091.9762134552002,1,
39,1560.0,1804.317626953125,968.4826970100403,1,
40,1600.0,1830.7818603515625,1028.7501955032349,1,
41,1640.0000000000002,1983.4101104736328,1382.5547218322754,1,
42,1680.0000000000002,1800.776596069336,972.436101436615,1,
43,1720.0000000000002,1883.3339309692383,1100.1345920562744,1,
44,1760.0000000000002,1828.3109664916992,1004.7807741165161,1,
45,1800.0,1883.6824035644531,1090.7585334777832,1,
46,1840.0,1854.213752746582,1039.5741319656372,1,
47,1880.0000000000002,1839.7621536254883,1033.6875414848328,1,
48,1920.0000000000002,1799.5195770263672,971.0628318786621,1,
49,1960.0000000000002,1880.1814270019531,1127.2908639907837,1,
50,2000.0,1873.3238983154297,1061.9211602210999,1,
51,2040.0,1795.7795333862305,969.0323781967163,1,
52,2080.0,1809.181137084961,1000.543999671936,1,
53,2120.0,1991.1534118652344,1602.3550987243652,1,
54,2160.0,1793.7334442138672,980.4699182510376,1,
55,2200.0,1897.279930114746,1203.2877159118652,1,
56,2240.0,1809.5906066894531,980.5483245849609,1,
57,2280.0000000000005,1909.5089721679688,1158.1937742233276,1,
58,2320.0000000000005,1819.2172622680664,987.4344348907471,1,
59,2360.0000000000005,1853.84033203125,1048.6928915977478,1,
60,2400.0000000000005,1931.6885375976562,1181.160135269165,1,
61,2440.0000000000005,1983.0892181396484,1438.2367372512817,1,
62,2480.0,1995.2389526367188,1554.702844619751,1,
63,2520.0,1972.8968811035156,1660.7037019729614,1,
64,2560.0,1993.6308288574219,1633.1331253051758,1,
65,2600.0,1990.0259399414062,1651.235589981079,1,
66,2640.0,1984.4435119628906,1640.6172609329224,1,
67,2680.0,1994.0364074707031,1594.0750551223755,1,
68,2720.0,2001.0848236083984,1665.8704090118408,1,
69,2760.0000000000005,1955.06103515625,1345.7669591903687,1,
70,2800.0000000000005,1826.649169921875,1065.452470779419,1,
71,2840.0000000000005,1753.8993072509766,990.9262847900391,1,
72,2880.0000000000005,1656.0075759887695,951.3956522941589,1,
73,2920.0000000000005,1557.1719360351562,926.7057037353516,1,
74,2960.0000000000005,1517.2639846801758,941.201605796814,1,
75,3000.0000000000005,1523.0700302124023,936.7718410491943,1,
76,3040.0,1503.2695770263672,939.0603017807007,1,
77,3080.0,1505.3085708618164,941.5143299102783,1,
78,3120.0,1507.1292114257812,930.7400250434875,1,
79,3160.0,1509.7306823730469,928.3230113983154,1,
80,3200.0,1513.465347290039,934.4172048568726,1,
81,3240.0,1515.3937911987305,930.6672191619873,1,
82,3280.0000000000005,1519.3766784667969,933.271107673645,1,
83,3320.0000000000005,1520.570411682129,935.104193687439,1,
84,3360.0000000000005,1520.3554916381836,932.4801564216614,1,
85,3400.0000000000005,1517.7477264404297,932.5283074378967,1,
86,3440.0000000000005,1517.3222351074219,937.1603965759277,1,
87,3480.0000000000005,1510.8098602294922,937.3412203788757,1,
88,3520.0000000000005,1511.1172485351562,935.5307936668396,1,
89,3560.0000000000005,1515.7914733886719,937.0204496383667,1,
90,3600.0,1513.773422241211,935.9709119796753,1,
91,3640.0,1516.6091537475586,937.9949283599854,1,
92,3680.0,1514.1301345825195,934.0094017982483,1,
93,3720.0,1519.8315811157227,935.8860683441162,1,
94,3760.0000000000005,1516.2254333496094,931.4471626281738,1,
95,3800.0000000000005,1533.0705642700195,936.0589742660522,1,
96,3840.0000000000005,1520.061378479004,935.7149648666382,1,
97,3880.0000000000005,1537.8673553466797,936.2134695053101,1,
98,3920.0000000000005,1537.7826690673828,931.2810158729553,1,
99,3960.0000000000005,1545.2497100830078,927.464017868042,1,
100,4000.0,1542.1268463134766,930.5521202087402,1,
101,4040.0,1570.2936172485352,929.3443536758423,1,
102,4080.0,1582.1826553344727,934.6299576759338,1,
103,4120.0,1587.4865341186523,933.1498289108276,1,
104,4160.0,1606.7017364501953,952.0619773864746,1,
105,4200.0,1626.7259216308594,958.5171747207642,1,
106,4240.0,1610.390510559082,952.9853439331055,1,
107,4280.0,1614.55078125,954.0347528457642,1,
108,4320.0,1630.188102722168,958.6948442459106,1,
109,4360.0,1686.0845947265625,1017.4199652671814,1,
110,4400.0,1673.3430862426758,988.442645072937,1,
111,4440.0,1688.9362335205078,1000.7651853561401,1,
112,4480.0,1696.6346740722656,1007.7188229560852,1,
113,4520.000000000001,1697.380142211914,1012.5975894927979,1,
114,4560.000000000001,1716.5412139892578,1027.0598244667053,1,
115,4600.000000000001,1740.0924682617188,1034.4213938713074,1,
116,4640.000000000001,1890.2108001708984,1262.5515747070312,1,
117,4680.000000000001,1947.8784942626953,1320.5099487304688,1,
118,4720.000000000001,,,0,no_hand
119,4760.000000000001,1965.4449462890625,1624.281063079834,1,
120,4800.000000000001,2024.3000793457031,1651.2617254257202,1,
121,4840.000000000001,2004.019546508789,1640.089659690857,1,
122,4880.000000000001,1999.1276550292969,1658.2853364944458,1,
123,4920.000000000001,,,0,no_hand
124,4960.0,2119.1551208496094,1231.75359249115,1,
125,5000.0,2137.11181640625,1259.313097000122,1,
126,5040.0,2152.815399169922,1268.237385749817,1,
127,5080.0,2163.163604736328,1287.936429977417,1,
128,5120.0,2165.218505859375,1297.419090270996,1,
129,5160.0,2171.8533325195312,1304.0940570831299,1,
130,5200.0,2191.1585998535156,1324.2214393615723,1,
131,5240.0,2186.1486053466797,1329.841718673706,1,
132,5280.0,2192.7333068847656,1341.8439388275146,1,
133,5320.0,2181.4283752441406,1362.9666566848755,1,
134,5360.0,2181.3262939453125,1367.6174783706665,1,
135,5400.0,2180.9417724609375,1362.0490837097168,1,
136,5440.0,2155.3147888183594,1344.5255899429321,1,
137,5480.0,2147.713851928711,1297.380723953247,1,
138,5520.000000000001,2127.439727783203,1199.8890781402588,1,
139,5560.000000000001,1936.365737915039,1651.7346096038818,1,
140,5600.000000000001,,,0,no_hand
141,5640.000000000001,1730.7854461669922,930.8011150360107,1,
142,5680.000000000001,1644.5503234863281,935.8671426773071,1,
143,5720.000000000001,1593.1922149658203,923.8974952697754,1,
144,5760.000000000001,1574.2280960083008,918.633713722229,1,
145,5800.000000000001,1559.7056579589844,918.6617159843445,1,
146,5840.000000000001,1545.6286239624023,924.8843336105347,1,
147,5880.000000000001,1550.3297424316406,930.4153919219971,1,
148,5920.000000000001,1571.2263107299805,922.5240325927734,1,
149,5960.000000000001,1571.4176559448242,927.455906867981,1,
150,6000.000000000001,1561.874656677246,938.8843059539795,1,
151,6040.000000000001,1574.9143981933594,931.0219144821167,1,
152,6080.0,1572.2945022583008,933.1735825538635,1,
153,6120.0,1596.7734146118164,932.6837038993835,1,
154,6160.0,1639.5650482177734,935.6191778182983,1,
155,6200.0,1711.0853576660156,954.6562743186951,1,
156,6240.0,1854.766616821289,1087.9109287261963,1,
157,6280.0,1990.6024932861328,1661.605954170227,1,
158,6320.0,2016.0452270507812,1651.542649269104,1,
159,6360.0,2036.4028930664062,1588.611330986023,1,
160,6400.0,2058.676071166992,1323.853611946106,1,
161,6440.0,2081.737060546875,1364.7669124603271,1,
162,6480.0,2081.8675231933594,1412.4522542953491,1,
163,6520.000000000001,2088.3519744873047,1455.525140762329,1,
164,6560.000000000001,2090.6307220458984,1467.1779441833496,1,
165,6600.000000000001,2102.1114349365234,1476.537265777588,1,
166,6640.000000000001,2097.8659057617188,1488.476014137268,1,
167,6680.000000000001,2096.19140625,1487.6665878295898,1,
168,6720.000000000001,2105.880889892578,1490.8893585205078,1,
169,6760.000000000001,2110.542526245117,1492.0068740844727,1,
170,6800.000000000001,2112.099609375,1526.3825798034668,1,
171,6840.000000000001,2105.551528930664,1513.6362075805664,1,
172,6880.000000000001,2101.0716247558594,1515.5984258651733,1,
173,6920.000000000001,2086.7150115966797,1473.3452653884888,1,
174,6960.000000000001,2083.399887084961,1414.1506719589233,1,
175,7000.000000000001,2054.6319580078125,1316.932225227356,1,
176,7040.000000000001,2007.4067687988281,1475.7523012161255,1,
177,7080.000000000001,,,0,no_hand
178,7120.000000000001,1926.346206665039,1272.0938444137573,1,
179,7160.0,1686.833610534668,955.7681894302368,1,
180,7200.0,1590.1089477539062,931.7150831222534,1,
181,7240.0,1547.3515319824219,921.6531944274902,1,
182,7280.0,1527.125587463379,920.6856679916382,1,
183,7320.0,1508.0827331542969,914.2801666259766,1,
184,7360.0,1508.9508819580078,918.9397430419922,1,
185,7400.0,1513.0974197387695,919.3074417114258,1,
186,7440.0,1520.1056671142578,917.22980260849,1,
187,7480.0,1528.65234375,914.7723627090454,1,
188,7520.000000000001,1548.6774444580078,910.3856635093689,1,
189,7560.000000000001,1569.6886825561523,901.8526339530945,1,
190,7600.000000000001,1622.4334716796875,900.1130819320679,1,
191,7640.000000000001,1692.6936721801758,893.1869316101074,1,
192,7680.000000000001,1718.653907775879,893.0956506729126,1,
193,7720.000000000001,1731.4826202392578,919.2746114730835,1,
194,7760.000000000001,1929.129867553711,1188.5495138168335,1,
195,7800.000000000001,1826.411018371582,934.8518514633179,1,
196,7840.000000000001,,,0,no_hand
197,7880.000000000001,,,0,no_hand
198,7920.000000000001,2020.9355163574219,1016.6407942771912,1,
199,7960.000000000001,2045.9598541259766,1051.1143469810486,1,
200,8000.0,2085.7933044433594,1088.2689714431763,1,
201,8040.000000000001,2096.0984802246094,1104.4414043426514,1,
202,8080.0,2092.2784423828125,1123.037610054016,1,
203,8120.000000000001,2125.994110107422,1148.7282371520996,1,
204,8160.0,2129.6640014648438,1154.4503545761108,1,
205,8200.000000000002,2135.671920776367,1169.5005083084106,1,
206,8240.0,2131.095428466797,1184.5171880722046,1,
207,8280.000000000002,2136.8582153320312,1195.0768089294434,1,
208,8320.0,2134.606246948242,1204.6320819854736,1,
209,8360.000000000002,2141.183395385742,1228.2330322265625,1,
210,8400.0,2137.169952392578,1230.8143901824951,1,
211,8440.000000000002,2141.019287109375,1224.6546649932861,1,
212,8480.0,2146.915054321289,1228.8032484054565,1,
213,8520.000000000002,2143.4154510498047,1238.0693578720093,1,
214,8560.0,2138.1019592285156,1238.7692213058472,1,
215,8600.000000000002,2139.225311279297,1237.4275588989258,1,
216,8640.0,2134.683609008789,1219.506754875183,1,
217,8680.000000000002,2127.330551147461,1175.5862045288086,1,
218,8720.0,2074.8170471191406,1082.720274925232,1,
219,8760.000000000002,1945.8787536621094,1302.2809267044067,1,
220,8800.0,1915.5154037475586,1110.4564189910889,1,
221,8840.0,,,0,no_hand
222,8880.0,,,0,no_hand
223,8920.0,1713.438491821289,918.8605642318726,1,
224,8960.0,1658.968505859375,924.4621109962463,1,
225,9000.0,1623.4341430664062,924.178032875061,1,
226,9040.000000000002,1593.493766784668,928.0854105949402,1,
227,9080.0,1576.3079452514648,924.1337442398071,1,
228,9120.000000000002,1553.6521911621094,930.208432674408,1,
229,9160.0,1535.6007385253906,929.1120958328247,1,
230,9200.000000000002,1515.7627487182617,931.8162775039673,1,
231,9240.0,1515.0091552734375,933.7996745109558,1,
232,9280.000000000002,1538.5124588012695,948.6606359481812,1,
233,9320.0,1496.2126922607422,939.2165994644165,1,
234,9360.000000000002,1506.3236618041992,939.4544577598572,1,
235,9400.0,1500.9820175170898,940.9024000167847,1,
236,9440.000000000002,1499.0283966064453,938.4797859191895,1,
237,9480.0,1502.1286010742188,937.9657030105591,1,
238,9520.000000000002,1504.9283981323242,933.9548134803772,1,
239,9560.0,1516.6949844360352,939.2536783218384,1,
240,9600.000000000002,1513.037109375,937.483549118042,1,
241,9640.0,1518.5688400268555,935.070333480835,1,
242,9680.000000000002,1513.505859375,934.9113965034485,1,
243,9720.0,1518.812141418457,936.0501551628113,1,
244,9760.000000000002,1515.138931274414,928.9640378952026,1,
245,9800.0,1523.6397171020508,930.0031471252441,1,
246,9840.000000000002,1526.6267395019531,931.1394596099854,1,
247,9880.0,1523.2482147216797,928.0859899520874,1,
248,9920.0,1517.533836364746,930.1200485229492,1,
249,9960.0,1522.2504043579102,925.2699279785156,1,
250,10000.0,1511.4867782592773,923.9093399047852,1,
251,10040.000000000002,1528.39599609375,922.3909091949463,1,
252,10080.0,1516.6156768798828,919.3871355056763,1,
253,10120.000000000002,1533.7233352661133,924.9897122383118,1,
254,10160.0,1526.5996170043945,920.6550908088684,1,
255,10200.000000000002,1533.9248657226562,919.155650138855,1,
256,10240.0,1543.7471008300781,920.9364652633667,1,
257,10280.000000000002,1537.0880126953125,919.1882228851318,1,
258,10320.0,1544.9418640136719,916.2510752677917,1,
259,10360.000000000002,1579.8730087280273,904.9951314926147,1,
260,10400.0,1665.3343963623047,934.0731954574585,1,
261,10440.000000000002,1735.4118347167969,905.7194566726685,1,
262,10480.0,1967.8475189208984,1581.5035200119019,1,
263,10520.000000000002,1987.9115295410156,1630.748233795166,1,
264,10560.0,1968.0409240722656,1652.0737266540527,1,
265,10600.000000000002,1912.5709533691406,1532.9272556304932,1,
266,10640.0,1973.8886260986328,1634.2318439483643,1,
267,10680.000000000002,2043.2363891601562,1093.1123971939087,1,
268,10720.0,2089.852752685547,1141.2171936035156,1,
269,10760.000000000002,,,0,no_hand
270,10800.0,2154.023208618164,1199.749517440796,1,
271,10840.000000000002,2173.2366943359375,1241.2386989593506,1,
272,10880.0,2201.3907623291016,1278.2932233810425,1,
273,10920.000000000002,2182.8101348876953,1290.8072090148926,1,
274,10960.0,2188.5580444335938,1302.095274925232,1,
275,11000.000000000002,2183.7625122070312,1304.4784927368164,1,
276,11040.000000000002,2191.4994049072266,1312.3868465423584,1,
277,11080.0,2193.2169342041016,1331.0322332382202,1,
278,11120.000000000002,2193.258590698242,1344.2897272109985,1,
279,11160.0,2182.367706298828,1346.2569665908813,1,
280,11200.000000000002,2185.151138305664,1344.5331859588623,1,
281,11240.0,2176.10595703125,1322.3577117919922,1,
282,11280.000000000002,2169.7533416748047,1279.4422817230225,1,
283,11320.0,2131.3130950927734,1193.5300540924072,1,
284,11360.000000000002,2003.2239532470703,1093.9228534698486,1,
285,11400.0,,,0,no_hand
286,11440.000000000002,,,0,no_hand
287,11480.0,1680.1520919799805,922.1726846694946,1,
288,11520.000000000002,1667.5947189331055,938.0643224716187,1,
289,11560.0,1617.2582244873047,947.7556157112122,1,
290,11600.000000000002,1611.3439178466797,947.315239906311,1,
291,11640.0,1602.3431396484375,950.6025123596191,1,
292,11680.000000000002,1588.227882385254,953.2519769668579,1,
293,11720.0,1571.2046813964844,948.451681137085,1,
294,11760.000000000002,1561.1342239379883,949.5796251296997,1,
295,11800.0,1555.1506805419922,952.4251699447632,1,
296,11840.000000000002,1552.0883560180664,952.3439311981201,1,
297,11880.0,1551.5711975097656,950.575475692749,1,
298,11920.000000000002,1555.4760360717773,950.0645470619202,1,
299,11960.0,1562.0317840576172,948.2676386833191,1,
300,12000.000000000002,1560.0956726074219,947.362232208252,1,
301,12040.000000000002,1569.1450881958008,946.8473768234253,1,
302,12080.000000000002,1570.0613021850586,951.4248132705688,1,
303,12120.000000000002,1567.8561401367188,945.9238815307617,1,
304,12160.0,1633.3355712890625,937.4653959274292,1,
305,12200.000000000002,1679.736557006836,947.2412109375,1,
306,12240.0,1720.5306243896484,932.6808071136475,1,
307,12280.000000000002,,,0,no_hand
308,12320.0,,,0,no_hand
309,12360.000000000002,,,0,no_hand
310,12400.0,,,0,no_hand
311,12440.000000000002,,,0,no_hand
312,12480.0,2101.127471923828,1236.7409563064575,1,
313,12520.000000000002,2103.625030517578,1250.1329898834229,1,
314,12560.0,2117.878189086914,1267.981824874878,1,
315,12600.000000000002,2101.233444213867,1282.4452829360962,1,
316,12640.0,2123.317108154297,1294.3204307556152,1,
317,12680.000000000002,2121.847457885742,1297.0988988876343,1,
318,12720.0,2120.969696044922,1301.41845703125,1,
319,12760.000000000002,2120.478286743164,1297.1708679199219,1,
320,12800.0,2123.800506591797,1297.8673839569092,1,
321,12840.000000000002,2123.1097412109375,1281.62362575531,1,
322,12880.0,2103.351287841797,1250.0466012954712,1,
323,12920.000000000002,,,0,no_hand
324,12960.0,,,0,no_hand
325,13000.000000000002,,,0,no_hand
326,13040.000000000002,1807.3228454589844,1219.1682815551758,1,
327,13080.000000000002,1710.1441955566406,953.2680702209473,1,
328,13120.000000000002,1666.2619400024414,941.5132999420166,1,
329,13160.000000000002,1627.9071807861328,935.3171396255493,1,
330,13200.000000000002,1597.8852081298828,937.180609703064,1,
331,13240.0,1572.7678298950195,935.463330745697,1,
332,13280.000000000002,1550.1797103881836,938.5451889038086,1,
333,13320.0,1540.1712799072266,934.7396492958069,1,
334,13360.000000000002,1524.6760940551758,937.2707319259644,1,
335,13400.0,1526.627082824707,936.9007158279419,1,
336,13440.000000000002,1524.7319412231445,936.9344472885132,1,
337,13480.0,1542.7066040039062,930.4486083984375,1,
338,13520.000000000002,1541.122169494629,935.8662414550781,1,
339,13560.0,1555.2779388427734,937.7572631835938,1,
340,13600.000000000002,1544.8361206054688,929.0970969200134,1,
341,13640.0,1561.4590072631836,932.8642702102661,1,
342,13680.000000000002,1614.5495223999023,934.1805696487427,1,
343,13720.0,1599.869270324707,936.716673374176,1,
344,13760.000000000002,1634.856834411621,940.7102465629578,1,
345,13800.0,1677.978286743164,940.7015562057495,1,
346,13840.000000000002,1707.4812698364258,937.9983401298523,1,
347,13880.0,1727.4002838134766,949.6849393844604,1,
348,13920.000000000002,1745.5106735229492,959.7147703170776,1,
349,13960.0,1957.6780700683594,1561.1472272872925,1,
350,14000.000000000002,2001.8119812011719,1654.2156744003296,1,
351,14040.000000000002,1951.2918090820312,1652.5154542922974,1,
352,14080.000000000002,1998.2954406738281,1657.0726776123047,1,
353,14120.000000000002,1959.7604370117188,1623.443055152893,1,
354,14160.000000000002,1982.3934173583984,1646.9836235046387,1,
355,14200.000000000002,1942.9664611816406,1598.2873678207397,1,
356,14240.000000000002,1963.567886352539,1470.5904865264893,1,
357,14280.000000000002,,,0,no_hand
358,14320.0,2068.572235107422,1328.9873600006104,1,
359,14360.000000000002,2060.913848876953,1352.9556226730347,1,
360,14400.0,2078.844451904297,1377.3448848724365,1,
361,14440.000000000002,2082.9299926757812,1402.0672130584717,1,
362,14480.0,2081.4404296875,1412.3460388183594,1,
363,14520.000000000002,2098.675003051758,1409.2630863189697,1,
364,14560.0,2081.278610229492,1387.3720121383667,1,
365,14600.000000000002,,,0,no_hand
366,14640.0,1906.823387145996,1309.7578525543213,1,
367,14680.000000000002,1975.5091094970703,1134.6291303634644,1,
368,14720.0,,,0,no_hand
369,14760.000000000002,1758.0047607421875,978.5159397125244,1,
370,14800.0,1714.4556427001953,981.4696311950684,1,
371,14840.000000000002,1635.186996459961,938.8504457473755,1,
372,14880.0,1594.2653274536133,934.857451915741,1,
373,14920.000000000002,1572.4481964111328,931.1316061019897,1,
374,14960.0,1553.6842346191406,934.2967629432678,1,
375,15000.000000000002,1539.9732971191406,932.4672174453735,1,
376,15040.000000000002,1533.8064193725586,932.7190446853638,1,
377,15080.000000000002,1539.1939544677734,936.975839138031,1,
378,15120.000000000002,1533.0960845947266,931.2302255630493,1,
379,15160.000000000002,1545.8708953857422,934.2770648002625,1,
380,15200.000000000002,1538.5370635986328,932.5355815887451,1,
381,15240.000000000002,1553.4990692138672,919.0200805664062,1,
382,15280.000000000002,1679.5756530761719,1018.5746240615845,1,
383,15320.000000000002,1708.3140563964844,905.0566077232361,1,
384,15360.000000000002,1761.1425018310547,928.8772630691528,1,
385,15400.000000000002,,,0,no_hand
386,15440.000000000002,,,0,no_hand
387,15480.0,,,0,no_hand
388,15520.000000000002,2012.6799774169922,1046.1848545074463,1,
389,15560.0,,,0,no_hand
390,15600.000000000002,2125.128936767578,1169.18701171875,1,
391,15640.0,2136.5341186523438,1215.515112876892,1,
392,15680.000000000002,2188.1185913085938,1273.2905387878418,1,
393,15720.0,2185.5679321289062,1283.375859260559,1,
394,15760.000000000002,2206.6722106933594,1314.1300678253174,1,
395,15800.0,2213.074951171875,1331.8997240066528,1,
396,15840.000000000002,2214.4031524658203,1339.7343063354492,1,
397,15880.0,2213.2381439208984,1351.4801931381226,1,
398,15920.000000000002,2202.7576446533203,1357.3788213729858,1,
399,15960.0,2197.533416748047,1361.58353805542,1,
400,16000.0,2192.201385498047,1375.949149131775,1,
401,16040.000000000002,2195.921401977539,1376.476879119873,1,
402,16080.000000000002,2194.833984375,1396.4854288101196,1,
403,16120.000000000002,2195.0253295898438,1400.1600980758667,1,
404,16160.0,2197.954330444336,1389.0050268173218,1,
405,16200.000000000004,2186.150894165039,1371.8088054656982,1,
406,16240.000000000002,2186.1495208740234,1339.7924995422363,1,
407,16280.000000000002,2166.2429809570312,1275.7385158538818,1,
408,16320.0,2126.653060913086,1197.1055889129639,1,
409,16360.000000000004,2065.151824951172,1099.6808910369873,1,
410,16400.000000000004,1872.305030822754,1198.1174039840698,1,
411,16440.0,1918.8600540161133,1475.4031419754028,1,
412,16480.0,1869.2602157592773,1311.0911464691162,1,
413,16520.000000000004,1675.4324340820312,945.3095054626465,1,
414,16560.000000000004,1594.3989944458008,931.7730188369751,1,
415,16600.0,1573.8557052612305,935.2796745300293,1,
416,16640.0,1558.6506271362305,931.3372778892517,1,
417,16680.0,1547.618637084961,935.1904535293579,1,
418,16720.000000000004,1537.5493240356445,937.2199416160583,1,
419,16760.0,1530.838508605957,938.4818458557129,1,
420,16800.0,1543.480453491211,947.40149974823,1,
421,16840.0,1546.9068145751953,952.1343326568604,1,
422,16880.000000000004,1557.3096084594727,953.397331237793,1,
423,16920.0,1566.9091415405273,950.7844305038452,1,
424,16960.0,1567.137107849121,951.7102432250977,1,
425,17000.0,1569.6918869018555,951.8396329879761,1,
426,17040.000000000004,1571.18408203125,951.8006229400635,1,
427,17080.000000000004,1572.121238708496,950.1528024673462,1,
428,17120.0,1572.2650909423828,948.4930086135864,1,
429,17160.0,1576.9505310058594,947.4902701377869,1,
430,17200.000000000004,1628.891716003418,937.8530502319336,1,
431,17240.000000000004,1718.3991622924805,942.4015831947327,1,
432,17280.0,,,0,no_hand
433,17320.0,,,0,no_hand
434,17360.000000000004,1950.252685546875,1624.3025636672974,1,
435,17400.000000000004,1947.0160675048828,1648.5214948654175,1,
436,17440.0,1954.727783203125,1650.3762102127075,1,
437,17480.0,1959.4029235839844,1647.7824926376343,1,
438,17520.000000000004,1887.9219818115234,1505.3801107406616,1,
439,17560.000000000004,1894.9645614624023,1628.6864948272705,1,
440,17600.0,1988.4770965576172,1674.0011072158813,1,
441,17640.0,1991.0753631591797,1656.8758249282837,1,
442,17680.0,1892.0624542236328,1612.3746299743652,1,
443,17720.000000000004,1947.8791809082031,1658.7730264663696,1,
444,17760.0,1897.390365600586,1481.259799003601,1,
445,17800.0,2045.3764343261719,1268.9735555648804,1,
446,17840.0,2044.7547912597656,1277.525897026062,1,
447,17880.000000000004,2035.2708435058594,1294.2122840881348,1,
448,17920.0,,,0,no_hand
449,17960.0,1782.8306579589844,1410.7292461395264,1,
450,18000.0,,,0,no_hand
451,18040.000000000004,1808.0914306640625,1292.6557445526123,1,
452,18080.000000000004,1773.2457733154297,1055.012390613556,1,
453,18120.0,1716.9355773925781,974.7237253189087,1,
454,18160.0,1688.1983184814453,970.37841796875,1,
455,18200.000000000004,1643.0136108398438,957.28919506073,1,
456,18240.000000000004,1602.8545761108398,961.4263200759888,1,
457,18280.0,1576.66259765625,954.1385221481323,1,
458,18320.0,1554.1414260864258,949.422619342804,1,
459,18360.000000000004,1546.5242385864258,949.668459892273,1,
460,18400.000000000004,1543.2958602905273,949.7175121307373,1,
461,18440.0,1536.2821197509766,953.2036972045898,1,
462,18480.0,1530.9624481201172,947.7594137191772,1,
463,18520.000000000004,1534.489974975586,950.771427154541,1,
464,18560.000000000004,1530.981101989746,948.8397216796875,1,
465,18600.0,1536.1610412597656,950.3096795082092,1,
466,18640.0,1530.7049560546875,945.3185820579529,1,
467,18680.000000000004,1534.6772003173828,953.5465478897095,1,
468,18720.000000000004,1542.7582168579102,947.1925449371338,1,
469,18760.0,1556.4088439941406,947.7267122268677,1,
470,18800.0,1623.0790328979492,937.115592956543,1,
471,18840.0,1737.4812698364258,939.4247174263,1,
472,18880.000000000004,,,0,no_hand
473,18920.0,,,0,no_hand
474,18960.0,2053.377685546875,1126.8201684951782,1,
475,19000.0,,,0,no_hand
476,19040.000000000004,2120.2322387695312,1243.469738960266,1,
477,19080.000000000004,2129.637451171875,1297.0907878875732,1,
478,19120.0,2145.8766174316406,1339.3883657455444,1,
479,19160.0,2143.3238983154297,1362.114486694336,1,
480,19200.000000000004,2148.3087158203125,1371.835970878601,1,
481,19240.000000000004,2163.7589263916016,1382.8792905807495,1,
482,19280.0,2167.199478149414,1378.3789730072021,1,
483,19320.0,2160.282211303711,1386.2936353683472,1,
484,19360.000000000004,2160.1785278320312,1395.1765966415405,1,
485,19400.000000000004,2162.5872802734375,1393.904972076416,1,
486,19440.0,2143.1781005859375,1362.3195791244507,1,
487,19480.0,2128.5887145996094,1302.6660060882568,1,
488,19520.000000000004,2074.9703979492188,1182.027883529663,1,
489,19560.000000000004,1852.0046997070312,1402.9025173187256,1,
490,19600.0,,,0,no_hand
491,19640.0,1778.8211059570312,1338.6874723434448,1,
492,19680.000000000004,1840.4799270629883,1400.1568794250488,1,
493,19720.000000000004,1714.1181564331055,984.1711091995239,1,
494,19760.0,1692.3030853271484,970.9052467346191,1,
495,19800.0,1665.0136184692383,969.36119556427,1,
496,19840.0,1645.0716018676758,969.989025592804,1,
497,19880.000000000004,1636.3821029663086,964.8542475700378,1,
498,19920.0,1647.9304504394531,971.0932159423828,1,
499,19960.0,1639.4843673706055,969.8494648933411,1,
500,20000.0,1638.2450866699219,962.2584056854248,1,
501,20040.000000000004,1635.1533508300781,967.4818253517151,1,
502,20080.000000000004,1635.4078674316406,961.3468194007874,1,
503,20120.0,1643.4894561767578,961.4500093460083,1,
504,20160.0,1651.241226196289,963.6632823944092,1,
505,20200.000000000004,1670.1736450195312,964.0479111671448,1,
506,20240.000000000004,1697.991600036621,960.677661895752,1,
507,20280.0,,,0,no_hand
508,20320.0,,,0,no_hand
509,20360.000000000004,1856.484031677246,1385.138783454895,1,
510,20400.000000000004,1847.962417602539,1573.5199785232544,1,
511,20440.0,,,0,no_hand
512,20480.0,,,0,no_hand
513,20520.000000000004,2087.7749633789062,1408.1236839294434,1,
514,20560.000000000004,2067.8455352783203,1402.8328657150269,1,
515,20600.0,2081.561050415039,1417.8550815582275,1,
516,20640.0,2076.808319091797,1425.3837633132935,1,
517,20680.000000000004,2074.1878509521484,1446.7503261566162,1,
518,20720.000000000004,2068.39599609375,1433.887825012207,1,
519,20760.0,2071.9242095947266,1424.9940490722656,1,
520,20800.0,2066.557846069336,1416.662893295288,1,
521,20840.000000000004,2062.1028900146484,1397.9217195510864,1,
522,20880.000000000004,2053.816909790039,1342.8735208511353,1,
523,20920.0,1885.3659439086914,1498.271656036377,1,
524,20960.0,1895.7115173339844,1446.2664985656738,1,
525,21000.0,,,0,no_hand
526,21040.000000000004,1797.2486114501953,1094.5700597763062,1,
527,21080.000000000004,1710.618782043457,973.4834504127502,1,
528,21120.0,1678.8670349121094,981.8143486976624,1,
529,21160.0,1627.1586227416992,971.8037009239197,1,
530,21200.000000000004,1585.1129150390625,967.6486158370972,1,
531,21240.000000000004,1563.6443710327148,963.7392425537109,1,
532,21280.0,1559.0744018554688,963.7331914901733,1,
533,21320.0,1556.4828872680664,962.3664236068726,1,
534,21360.000000000004,1555.597801208496,966.888370513916,1,
535,21400.000000000004,1553.9450454711914,958.8349199295044,1,
536,21440.0,1556.2045669555664,959.2546319961548,1,
537,21480.0,1557.9002380371094,962.8707218170166,1,
538,21520.000000000004,1563.376121520996,959.6023750305176,1,
539,21560.000000000004,1563.4887313842773,958.1239199638367,1,
540,21600.0,1575.4121017456055,958.6085844039917,1,
541,21640.0,1578.2804489135742,954.9055910110474,1,
542,21680.000000000004,1586.6497421264648,958.5939073562622,1,
543,21720.000000000004,1625.1468658447266,951.9355487823486,1,
544,21760.0,1733.4387588500977,955.7152104377747,1,
545,21800.0,,,0,no_hand
546,21840.000000000004,1934.1169738769531,1469.4088554382324,1,
547,21880.000000000004,1869.129295349121,1609.379482269287,1,
548,21920.0,1913.4292602539062,1553.4010934829712,1,
549,21960.0,2081.667709350586,1363.403491973877,1,
550,22000.000000000004,2070.6383514404297,1395.217022895813,1,
551,22040.000000000004,2071.7745208740234,1425.6581211090088,1,
552,22080.000000000004,2078.3514404296875,1449.9449014663696,1,
553,22120.0,2075.3153228759766,1456.6960859298706,1,
554,22160.0,2064.1246032714844,1474.2912912368774,1,
555,22200.000000000004,2060.5210876464844,1476.5467929840088,1,
556,22240.000000000004,2063.0152130126953,1462.6319217681885,1,
557,22280.0,2067.660598754883,1467.0252513885498,1,
558,22320.0,2064.9078369140625,1431.9323015213013,1,
559,22360.000000000004,2044.0292358398438,1358.9022731781006,1,
560,22400.000000000004,1898.5382080078125,1621.0833978652954,1,
561,22440.0,,,0,no_hand
562,22480.0,1884.788932800293,1437.4407005310059,1,
563,22520.000000000004,1732.2094345092773,996.1859464645386,1,
564,22560.000000000004,1675.8498001098633,965.1831293106079,1,
565,22600.0,1644.2074584960938,956.0560655593872,1,
566,22640.0,1618.8450622558594,960.0041913986206,1,
567,22680.000000000004,1592.3081588745117,949.4923996925354,1,
568,22720.000000000004,1579.1063690185547,945.9196329116821,1,
569,22760.0,1568.1574630737305,940.4699420928955,1,
570,22800.0,1573.4497833251953,937.7735495567322,1,
571,22840.000000000004,1573.2374954223633,935.6713199615479,1,
572,22880.000000000004,1577.5643920898438,937.4944925308228,1,
573,22920.0,1612.1944427490234,936.8570065498352,1,
574,22960.0,1673.9738845825195,951.8867540359497,1,
575,23000.000000000004,1679.9723052978516,937.3387098312378,1,
576,23040.000000000004,1718.3742141723633,939.4704222679138,1,
577,23080.000000000004,1734.0243530273438,935.2980852127075,1,
578,23120.0,1774.661865234375,947.4204897880554,1,
579,23160.0,,,0,no_hand
580,23200.000000000004,,,0,no_hand
581,23240.000000000004,,,0,no_hand
582,23280.0,,,0,no_hand
583,23320.0,,,0,no_hand
584,23360.000000000004,,,0,no_hand
585,23400.000000000004,,,0,no_hand
586,23440.0,,,0,no_hand
587,23480.0,,,0,no_hand
588,23520.000000000004,,,0,no_hand
589,23560.000000000004,,,0,no_hand
590,23600.0,,,0,no_hand
591,23640.0,,,0,no_hand
592,23680.000000000004,,,0,no_hand
593,23720.000000000004,,,0,no_hand
594,23760.0,,,0,no_hand
595,23800.0,,,0,no_hand
596,23840.000000000004,,,0,no_hand
597,23880.000000000004,,,0,no_hand
598,23920.0,,,0,no_hand
599,23960.0,,,0,no_hand
600,24000.000000000004,,,0,no_hand
601,24040.000000000004,2048.5938262939453,929.2311215400696,1,
602,24080.000000000004,,,0,no_hand
603,24120.0,,,0,no_hand
604,24160.000000000004,,,0,no_hand
605,24200.000000000004,,,0,no_hand
606,24240.000000000004,,,0,no_hand
607,24280.0,1649.934196472168,868.8772344589233,1,
608,24320.0,1622.5973510742188,871.4869165420532,1,
609,24360.000000000004,1619.051856994629,875.7929563522339,1,
610,24400.000000000004,1609.1356658935547,877.6172876358032,1,
611,24440.0,1592.7115631103516,887.7920866012573,1,
612,24480.0,1586.6847610473633,889.0565013885498,1,
613,24520.000000000004,1597.6230239868164,899.7589015960693,1,
614,24560.000000000004,1580.6902313232422,896.7122554779053,1,
615,24600.0,1600.7894897460938,905.7875633239746,1,
616,24640.0,1583.2863235473633,904.0493631362915,1,
617,24680.000000000004,1596.8722915649414,903.3062410354614,1,
618,24720.000000000004,1603.7381744384766,908.4017515182495,1,
619,24760.0,1615.1890182495117,910.7270336151123,1,
620,24800.0,1639.4682312011719,911.505560874939,1,
621,24840.000000000004,1736.095962524414,929.8414421081543,1,
622,24880.000000000004,,,0,no_hand
623,24920.0,,,0,no_hand
624,24960.0,,,0,no_hand
625,25000.000000000004,,,0,no_hand
626,25040.000000000004,2099.3417358398438,1257.3188209533691,1,
627,25080.000000000004,,,0,no_hand
628,25120.0,,,0,no_hand
629,25160.000000000004,2126.1167907714844,1342.205457687378,1,
630,25200.000000000004,2103.716583251953,1338.7557077407837,1,
631,25240.000000000004,2095.115432739258,1359.1511392593384,1,
632,25280.0,2090.287857055664,1369.3518161773682,1,
633,25320.000000000004,2088.65478515625,1382.7598142623901,1,
634,25360.000000000004,2098.392105102539,1396.2117147445679,1,
635,25400.000000000004,2098.8153076171875,1384.4736814498901,1,
636,25440.0,2101.3346099853516,1364.2675065994263,1,
637,25480.0,2094.811248779297,1309.8791313171387,1,
638,25520.000000000004,,,0,no_hand
639,25560.000000000004,,,0,no_hand
640,25600.0,,,0,no_hand
641,25640.0,,,0,no_hand
642,25680.000000000004,1686.5242767333984,950.6594181060791,1,
643,25720.000000000004,1611.6534805297852,934.4949674606323,1,
644,25760.0,1553.8314056396484,936.2277603149414,1,
645,25800.0,1523.7715530395508,945.6805515289307,1,
646,25840.000000000004,1501.1553955078125,945.5830907821655,1,
647,25880.000000000004,1489.0708923339844,946.657862663269,1,
648,25920.0,1486.2685775756836,947.1909999847412,1,
649,25960.0,1485.5321502685547,949.9976634979248,1,
650,26000.000000000004,1484.7211074829102,949.4824862480164,1,
651,26040.000000000004,1481.7313385009766,945.685830116272,1,
652,26080.000000000004,1486.223030090332,947.0510530471802,1,
653,26120.0,1490.1332473754883,946.9814658164978,1,
654,26160.000000000004,1494.4159698486328,943.9441537857056,1,
655,26200.000000000004,1506.0725784301758,938.6804366111755,1,
656,26240.000000000004,1525.246353149414,924.336519241333,1,
657,26280.0,1604.7919464111328,900.1541519165039,1,
658,26320.000000000004,1685.4975128173828,902.2048187255859,1,
659,26360.000000000004,1731.3510131835938,886.6962003707886,1,
660,26400.000000000004,,,0,no_hand
661,26440.0,,,0,no_hand
662,26480.0,,,0,no_hand
663,26520.000000000004,,,0,no_hand
664,26560.000000000004,,,0,no_hand
665,26600.0,,,0,no_hand
666,26640.0,,,0,no_hand
667,26680.000000000004,,,0,no_hand
668,26720.000000000004,,,0,no_hand
669,26760.0,,,0,no_hand
670,26800.0,,,0,no_hand
671,26840.000000000004,,,0,no_hand
672,26880.000000000004,2151.170883178711,959.2151069641113,1,
673,26920.0,2145.169143676758,970.9480547904968,1,
674,26960.0,2136.8174743652344,978.0494928359985,1,
675,27000.000000000004,2130.6021881103516,1001.9674801826477,1,
676,27040.000000000004,2113.6473083496094,1004.4845294952393,1,
677,27080.000000000004,2110.8155822753906,1000.8424973487854,1,
678,27120.0,2101.040496826172,984.2714023590088,1,
679,27160.000000000004,2087.5021362304688,937.2668695449829,1,
680,27200.000000000004,2023.5360717773438,901.6626691818237,1,
681,27240.000000000004,,,0,no_hand
682,27280.0,,,0,no_hand
683,27320.000000000004,,,0,no_hand
684,27360.000000000004,1718.2337951660156,984.8237872123718,1,
685,27400.000000000004,1663.2867050170898,916.1722183227539,1,
686,27440.0,1626.020393371582,896.8823289871216,1,
687,27480.000000000004,1606.336669921875,899.4733428955078,1,
688,27520.000000000004,1596.5242767333984,903.7999176979065,1,
689,27560.000000000004,1587.2629165649414,906.4433312416077,1,
690,27600.0,1591.2528991699219,907.2225666046143,1,
691,27640.0,1591.1120223999023,904.0134429931641,1,
692,27680.000000000004,1581.5264511108398,911.4628171920776,1,
693,27720.000000000004,1585.030746459961,909.1954708099365,1,
694,27760.0,1578.534278869629,914.0278244018555,1,
695,27800.0,1584.3299102783203,912.2283411026001,1,
696,27840.000000000004,1597.056655883789,910.1175498962402,1,
697,27880.000000000004,1637.604103088379,910.9713935852051,1,
698,27920.0,1631.3542556762695,917.6907777786255,1,
699,27960.0,1671.7245483398438,929.4216656684875,1,
700,28000.000000000004,1689.2784118652344,923.7986183166504,1,
701,28040.000000000004,1720.0215911865234,924.8261404037476,1,
702,28080.000000000004,,,0,no_hand
703,28120.0,1825.7435989379883,1418.4252977371216,1,
704,28160.000000000004,1819.1427612304688,1434.4113063812256,1,
705,28200.000000000004,1922.16796875,1411.544852256775,1,
706,28240.000000000004,2063.847198486328,1349.9728345870972,1,
707,28280.0,2059.0413665771484,1375.8505296707153,1,
708,28320.000000000004,2053.9027404785156,1400.6103229522705,1,
709,28360.000000000004,2054.7681427001953,1426.0809230804443,1,
710,28400.000000000004,2044.6158599853516,1424.2067670822144,1,
711,28440.0,2046.357650756836,1441.459379196167,1,
712,28480.000000000004,2044.0118408203125,1452.8326749801636,1,
713,28520.000000000004,2042.7605438232422,1458.880648612976,1,
714,28560.000000000004,2044.4329833984375,1458.2921504974365,1,
715,28600.0,2049.114532470703,1455.6469345092773,1,
716,28640.0,2043.9788818359375,1442.9028797149658,1,
717,28680.000000000004,2040.0535583496094,1402.0054149627686,1,
718,28720.000000000004,2038.3488464355469,1311.9753742218018,1,
719,28760.0,1758.3676528930664,1507.4991416931152,1,
720,28800.0,1802.2037887573242,1519.4738101959229,1,
721,28840.000000000004,,,0,no_hand
722,28880.000000000004,1803.8459014892578,1452.5585746765137,1,
723,28920.0,1778.7166213989258,1099.1880512237549,1,
724,28960.0,1758.042984008789,949.4470810890198,1,
725,29000.000000000004,,,0,no_hand
726,29040.000000000004,1788.5009765625,1301.1657285690308,1,
727,29080.000000000004,,,0,no_hand
728,29120.0,1756.259651184082,1429.833483695984,1,
729,29160.000000000004,1786.3711166381836,1413.4179782867432,1,
730,29200.000000000004,1772.889747619629,1474.434199333191,1,
731,29240.000000000004,,,0,no_hand
732,29280.0,1808.551254272461,1548.3960914611816,1,
733,29320.000000000004,1887.0771789550781,1600.573124885559,1,
734,29360.000000000004,1787.0963287353516,1541.9094800949097,1,
735,29400.000000000004,1847.7366256713867,1593.1769227981567,1,
736,29440.0,1804.7084426879883,1481.5359592437744,1,
737,29480.000000000004,1828.099250793457,1356.4985847473145,1,
738,29520.000000000004,1822.0045852661133,1498.4198427200317,1,
739,29560.000000000004,1807.0222091674805,1385.629563331604,1,
740,29600.0,1831.9034957885742,1358.9152765274048,1,
741,29640.000000000004,1813.341407775879,1060.8411741256714,1,
742,29680.000000000004,1769.80224609375,941.5697550773621,1,
743,29720.000000000004,1747.9876327514648,942.2995519638062,1,
744,29760.0,1674.4075012207031,926.0167837142944,1,
745,29800.0,1610.295066833496,910.9209251403809,1,
746,29840.000000000004,1573.0944442749023,911.2621021270752,1,
747,29880.000000000004,1551.4221954345703,909.3161702156067,1,
748,29920.0,1548.8364028930664,920.7743740081787,1,
749,29960.0,1543.0952453613281,919.4128847122192,1,
750,30000.000000000004,1525.4204177856445,921.8178606033325,1,
751,30040.000000000004,1522.1940994262695,921.0997152328491,1,
752,30080.000000000004,1520.4473876953125,924.2778754234314,1,
753,30120.0,1520.3702545166016,925.3203964233398,1,
754,30160.000000000004,1521.4337539672852,924.986686706543,1,
755,30200.000000000004,1522.5630569458008,921.9281959533691,1,
756,30240.000000000004,1522.9876327514648,923.270115852356,1,
757,30280.0,1521.709327697754,926.2266397476196,1,
758,30320.000000000004,1534.6711349487305,916.2750864028931,1,
759,30360.000000000004,1582.9551315307617,914.0981197357178,1,
760,30400.000000000004,1723.2704544067383,926.0559225082397,1,
761,30440.0,1845.424575805664,1454.4427728652954,1,
762,30480.000000000004,1878.922348022461,1607.8690338134766,1,
763,30520.000000000004,,,0,no_hand
764,30560.000000000004,2104.097213745117,1401.7123889923096,1,
765,30600.0,2082.0135498046875,1455.0288248062134,1,
766,30640.000000000004,2089.2819213867188,1477.7752876281738,1,
767,30680.000000000004,2089.712448120117,1497.4296569824219,1,
768,30720.000000000004,2092.4388885498047,1519.4185781478882,1,
769,30760.0,2087.721633911133,1523.310956954956,1,
770,30800.000000000004,2092.716293334961,1530.8732414245605,1,
771,30840.000000000004,2096.605911254883,1534.430751800537,1,
772,30880.000000000004,2081.2525177001953,1502.1981525421143,1,
773,30920.0,2080.9151458740234,1446.5405988693237,1,
774,30960.0,,,0,no_hand
775,31000.000000000004,1792.4313354492188,1466.687421798706,1,
776,31040.000000000004,,,0,no_hand
777,31080.000000000004,1847.4457168579102,1305.5222368240356,1,
778,31120.0,1701.8499755859375,1001.2838387489319,1,
779,31160.000000000004,1637.8104400634766,935.9037065505981,1,
780,31200.000000000004,1605.9187316894531,925.1122140884399,1,
781,31240.000000000004,1595.409049987793,925.3588914871216,1,
782,31280.0,1588.6322021484375,924.2108631134033,1,
783,31320.000000000004,1576.5646362304688,930.6991481781006,1,
784,31360.000000000004,1583.1528854370117,932.8291869163513,1,
785,31400.000000000004,1575.3996276855469,932.3081517219543,1,
786,31440.0,1580.7847595214844,923.4920740127563,1,
787,31480.000000000004,1583.580436706543,915.9972524642944,1,
788,31520.000000000004,1582.5215148925781,922.3127603530884,1,
789,31560.000000000004,1579.3207168579102,918.7618160247803,1,
790,31600.0,1584.1831970214844,922.0821762084961,1,
791,31640.000000000004,1581.163215637207,916.3272285461426,1,
792,31680.000000000004,1587.5003814697266,917.0581197738647,1,
793,31720.000000000004,1592.1886825561523,918.1358528137207,1,
794,31760.0,1588.088150024414,913.5018968582153,1,
795,31800.000000000004,1583.0067443847656,911.7823004722595,1,
796,31840.000000000004,1591.9697570800781,911.8975925445557,1,
797,31880.000000000004,1587.1711349487305,913.8319373130798,1,
798,31920.0,1584.2153549194336,908.3751010894775,1,
799,31960.0,1597.2335815429688,905.5096650123596,1,
800,32000.0,1630.693130493164,911.6273546218872,1,
801,32040.0,1694.589500427246,905.5388903617859,1,
802,32080.000000000004,1768.7560272216797,915.733323097229,1,
803,32120.000000000004,1758.3311462402344,1359.5042896270752,1,
804,32160.000000000004,1790.7159805297852,1395.5070877075195,1,
805,32200.000000000004,,,0,no_hand
806,32240.000000000004,2064.5626831054688,1041.2084341049194,1,
807,32280.0,2065.7544708251953,1057.942714691162,1,
808,32320.0,2097.894515991211,1062.415738105774,1,
809,32360.0,2115.838394165039,1087.9728555679321,1,
810,32400.000000000007,2128.168487548828,1111.7342233657837,1,
811,32440.000000000004,2134.6973419189453,1111.753535270691,1,
812,32480.000000000004,2130.7058715820312,1132.8284883499146,1,
813,32520.000000000004,2132.091064453125,1133.3451461791992,1,
814,32560.000000000004,2135.683364868164,1141.447262763977,1,
815,32600.0,2135.2201080322266,1159.6170616149902,1,
816,32640.0,2128.2225036621094,1171.9692134857178,1,
817,32680.0,2122.324676513672,1158.7892246246338,1,
818,32720.000000000007,2113.7498474121094,1128.4612941741943,1,
819,32760.000000000004,2082.9501342773438,1036.5330862998962,1,
820,32800.00000000001,1984.0962982177734,959.1668272018433,1,
821,32840.0,,,0,no_hand
822,32880.0,,,0,no_hand
823,32920.0,,,0,no_hand
824,32960.0,1719.719467163086,971.8817210197449,1,
825,33000.0,1639.8839950561523,939.0415692329407,1,
826,33040.00000000001,1633.3804321289062,901.0974740982056,1,
827,33080.00000000001,1596.613426208496,906.4606475830078,1,
828,33120.00000000001,1595.3070831298828,914.582462310791,1,
829,33160.00000000001,1567.9116439819336,923.3427286148071,1,
830,33200.0,1551.0118103027344,929.7148847579956,1,
831,33240.0,1536.4912033081055,930.6697940826416,1,
832,33280.0,1532.9072570800781,928.7409210205078,1,
833,33320.0,1539.0312194824219,933.1609654426575,1,
834,33360.0,1529.7355270385742,937.4933338165283,1,
835,33400.00000000001,1526.9621658325195,932.7532911300659,1,
836,33440.00000000001,1541.0077285766602,941.7518663406372,1,
837,33480.00000000001,1561.475601196289,932.1293878555298,1,
838,33520.0,1532.7639770507812,931.3024520874023,1,
839,33560.0,1530.890235900879,937.8956007957458,1,
840,33600.0,1534.2244720458984,938.7016153335571,1,
841,33640.0,1522.6225662231445,933.6259317398071,1,
842,33680.0,1518.4251022338867,935.9516000747681,1,
843,33720.00000000001,1528.7816619873047,927.0249938964844,1,
844,33760.00000000001,1540.0215911865234,909.9394297599792,1,
845,33800.00000000001,1619.1549682617188,882.93301820755,1,
846,33840.0,1715.2061462402344,870.4333877563477,1,
847,33880.0,,,0,no_hand
848,33920.0,2009.4346618652344,995.374653339386,1,
849,33960.0,2071.2130737304688,1061.3857698440552,1,
850,34000.0,2128.1973266601562,1135.3007984161377,1,
851,34040.00000000001,2149.3954467773438,1166.0883522033691,1,
852,34080.00000000001,2145.450668334961,1184.0322017669678,1,
853,34120.00000000001,2145.996780395508,1194.646668434143,1,
854,34160.00000000001,2154.9609375,1204.456729888916,1,
855,34200.0,2162.9601287841797,1216.8897342681885,1,
856,34240.0,2179.4290924072266,1227.1639251708984,1,
857,34280.0,2184.6693420410156,1261.128544807434,1,
858,34320.0,2180.6959533691406,1271.3271617889404,1,
859,34360.0,2169.591522216797,1272.732424736023,1,
860,34400.00000000001,2161.8988037109375,1244.092869758606,1,
861,34440.00000000001,2136.8820190429688,1182.9339981079102,1,
862,34480.00000000001,2083.872528076172,1091.0757637023926,1,
863,34520.0,2006.7027282714844,1016.8622374534607,1,
864,34560.0,,,0,no_hand
865,34600.0,,,0,no_hand
866,34640.0,1728.5992813110352,1029.4428491592407,1,
867,34680.0,1677.0466232299805,916.1934614181519,1,
868,34720.00000000001,1651.948471069336,919.9487900733948,1,
869,34760.00000000001,1612.3176956176758,911.371021270752,1,
870,34800.00000000001,1601.8157958984375,919.4670867919922,1,
871,34840.0,1567.3726272583008,921.984715461731,1,
872,34880.0,1552.0835494995117,924.9617099761963,1,
873,34920.0,1541.9698333740234,935.3955459594727,1,
874,34960.0,1531.8553161621094,933.4868216514587,1,
875,35000.0,1524.5488357543945,940.405375957489,1,
876,35040.00000000001,1530.5738067626953,940.4085946083069,1,
877,35080.00000000001,1516.659278869629,946.1236953735352,1,
878,35120.00000000001,1514.8418426513672,944.3350267410278,1,
879,35160.00000000001,1523.9120864868164,960.2442383766174,1,
880,35200.0,1541.3978576660156,938.9306545257568,1,
881,35240.0,1517.314453125,935.2016544342041,1,
882,35280.0,1521.5678787231445,938.5219502449036,1,
883,35320.0,1531.3098907470703,928.7187767028809,1,
884,35360.0,1572.315444946289,907.100772857666,1,
885,35400.00000000001,1583.6812591552734,899.668972492218,1,
886,35440.00000000001,1624.9396133422852,884.7720265388489,1,
887,35480.00000000001,1677.5778579711914,855.049524307251,1,
888,35520.0,1745.2080917358398,861.648530960083,1,
889,35560.0,,,0,no_hand
890,35600.0,,,0,no_hand
891,35640.0,,,0,no_hand
892,35680.0,,,0,no_hand
893,35720.00000000001,2071.963119506836,998.0669260025024,1,
894,35760.00000000001,2105.4334259033203,1018.6939716339111,1,
895,35800.00000000001,2132.2066497802734,1050.2043056488037,1,
896,35840.0,2143.4236907958984,1077.8478813171387,1,
897,35880.0,2152.481231689453,1091.7695760726929,1,
898,35920.0,2159.2181396484375,1108.8970470428467,1,
899,35960.0,2160.132293701172,1127.9584121704102,1,
900,36000.0,2173.827667236328,1154.8725128173828,1,
901,36040.00000000001,2176.3387298583984,1175.7893657684326,1,
902,36080.00000000001,2182.0907592773438,1187.825059890747,1,
903,36120.00000000001,2181.525650024414,1199.360704421997,1,
904,36160.00000000001,2171.9215393066406,1204.9910259246826,1,
905,36200.0,2172.5887298583984,1183.1719207763672,1,
906,36240.0,2167.6004791259766,1142.645502090454,1,
907,36280.0,2120.753402709961,1086.906452178955,1,
908,36320.0,2013.4961700439453,959.2076396942139,1,
909,36360.0,,,0,no_hand
910,36400.00000000001,,,0,no_hand
911,36440.00000000001,,,0,no_hand
912,36480.00000000001,,,0,no_hand
913,36520.0,,,0,no_hand
914,36560.0,,,0,no_hand
915,36600.0,,,0,no_hand
916,36640.0,1513.5986709594727,912.6554560661316,1,
917,36680.0,,,0,no_hand
918,36720.00000000001,1514.0605545043945,933.9646625518799,1,
919,36760.00000000001,1525.8661651611328,937.7582931518555,1,
920,36800.00000000001,1507.254981994629,958.6775922775269,1,
921,36840.0,1520.5173110961914,967.436056137085,1,
922,36880.0,1513.4299850463867,964.943790435791,1,
923,36920.0,1519.4013977050781,969.4230580329895,1,
924,36960.0,1507.8582000732422,968.8114500045776,1,
925,37000.0,1522.9153060913086,968.1574201583862,1,
926,37040.00000000001,1518.0097961425781,969.9083662033081,1,
927,37080.00000000001,1528.454818725586,962.780921459198,1,
928,37120.00000000001,1531.816749572754,966.9952297210693,1,
929,37160.00000000001,1595.4976272583008,939.5312547683716,1,
930,37200.0,1695.658836364746,926.2047529220581,1,
931,37240.0,1756.7567825317383,943.7066173553467,1,
932,37280.0,1707.6182556152344,1252.938494682312,1,
933,37320.0,1798.190689086914,1429.6102380752563,1,
934,37360.00000000001,1768.8124465942383,1369.6084070205688,1,
935,37400.00000000001,2066.3955688476562,1250.8901453018188,1,
936,37440.00000000001,2086.842041015625,1314.1533708572388,1,
937,37480.00000000001,2095.4351806640625,1361.2021923065186,1,
938,37520.0,2082.677764892578,1386.4123392105103,1,
939,37560.0,2076.229476928711,1387.483892440796,1,
940,37600.0,2091.9552612304688,1409.5656394958496,1,
941,37640.0,2093.3770751953125,1427.7260398864746,1,
942,37680.0,2095.1463317871094,1431.9371938705444,1,
943,37720.00000000001,2101.406478881836,1432.6401472091675,1,
944,37760.00000000001,2104.5620727539062,1411.6712808609009,1,
945,37800.00000000001,2100.98876953125,1385.2980422973633,1,
946,37840.0,2070.0595092773438,1320.6965017318726,1,
947,37880.0,1927.3452758789062,1259.2998361587524,1,
948,37920.0,,,0,no_hand
949,37960.0,,,0,no_hand
950,38000.0,,,0,no_hand
951,38040.00000000001,1646.5678024291992,1003.4230184555054,1,
952,38080.00000000001,1634.6389389038086,929.2250061035156,1,
953,38120.00000000001,1593.6442565917969,921.9800162315369,1,
954,38160.00000000001,1579.9262237548828,918.4223771095276,1,
955,38200.0,1565.9932708740234,919.08522605896,1,
956,38240.0,1550.6461715698242,925.4860925674438,1,
957,38280.0,1522.3767471313477,927.9564714431763,1,
958,38320.0,1522.1866607666016,926.1829948425293,1,
959,38360.00000000001,1533.6535263061523,951.6414928436279,1,
960,38400.00000000001,1502.3935317993164,940.5993318557739,1,
961,38440.00000000001,1515.4482650756836,935.6167316436768,1,
962,38480.00000000001,1534.3107604980469,953.2670402526855,1,
963,38520.0,1518.1233215332031,944.1477656364441,1,
964,38560.0,1540.331039428711,956.4912915229797,1,
965,38600.0,1555.7985305786133,955.2062129974365,1,
966,38640.0,1529.5955657958984,950.2732443809509,1,
967,38680.0,1548.6059188842773,948.2863712310791,1,
968,38720.00000000001,1607.89306640625,939.4811081886292,1,
969,38760.00000000001,1631.0766220092773,910.206127166748,1,
970,38800.00000000001,1714.394187927246,919.0158319473267,1,
971,38840.0,,,0,no_hand
972,38880.0,,,0,no_hand
973,38920.0,1757.677116394043,1288.1448698043823,1,
974,38960.0,,,0,no_hand
975,39000.0,,,0,no_hand
976,39040.00000000001,,,0,no_hand
977,39080.00000000001,,,0,no_hand
978,39120.00000000001,,,0,no_hand
979,39160.00000000001,,,0,no_hand
980,39200.0,2118.0615234375,1223.1119012832642,1,
981,39240.0,2110.8929443359375,1243.911852836609,1,
982,39280.0,2102.812271118164,1255.2355813980103,1,
983,39320.0,2100.4307556152344,1255.6819438934326,1,
984,39360.00000000001,,,0,no_hand
985,39400.00000000001,2088.9608001708984,1120.608172416687,1,
986,39440.00000000001,2001.6270446777344,1043.0433225631714,1,
987,39480.00000000001,,,0,no_hand
988,39520.0,,,0,no_hand
989,39560.0,,,0,no_hand
990,39600.0,1644.602165222168,951.5572929382324,1,
991,39640.0,1593.647232055664,915.083155632019,1,
992,39680.0,1546.567268371582,921.7098426818848,1,
993,39720.00000000001,1542.1119689941406,930.5002355575562,1,
994,39760.00000000001,1532.3245239257812,950.6383037567139,1,
995,39800.00000000001,1503.112907409668,940.0153398513794,1,
996,39840.0,1499.175682067871,939.705319404602,1,
997,39880.0,1499.0706253051758,940.322527885437,1,
998,39920.0,1558.3232116699219,970.9339570999146,1,
999,39960.0,1540.887565612793,936.6385245323181,1,
1000,40000.0,1505.5208587646484,933.932797908783,1,
1001,40040.00000000001,1510.3659439086914,933.2191586494446,1,
1002,40080.00000000001,1529.465560913086,945.6896281242371,1,
1003,40120.00000000001,1509.964714050293,937.9470348358154,1,
1004,40160.00000000001,1543.4223175048828,964.8496770858765,1,
1005,40200.0,1544.5738220214844,938.26735496521,1,
1006,40240.0,1522.118911743164,936.0293626785278,1,
1007,40280.0,1534.489974975586,930.1289319992065,1,
1008,40320.0,1571.0785675048828,926.0699558258057,1,
1009,40360.00000000001,1565.405044555664,915.0979614257812,1,
1010,40400.00000000001,1574.5301055908203,917.4556875228882,1,
1011,40440.00000000001,1645.5499649047852,927.3454427719116,1,
1012,40480.00000000001,1737.1648406982422,943.0769205093384,1,
1013,40520.0,1792.8311920166016,1022.4717664718628,1,
1014,40560.0,,,0,no_hand
1015,40600.0,1789.0278625488281,1553.5597085952759,1,
1016,40640.0,1789.6334838867188,1601.3503646850586,1,
1017,40680.00000000001,1820.6885147094727,1660.7483768463135,1,
1018,40720.00000000001,1799.256248474121,1607.4544715881348,1,
1019,40760.00000000001,1758.8716506958008,1563.4467601776123,1,
1020,40800.00000000001,1818.3208465576172,1446.2417793273926,1,
1021,40840.0,,,0,no_hand
1022,40880.0,2062.0140838623047,1327.7669763565063,1,
1023,40920.0,,,0,no_hand
1024,40960.0,2018.9364624023438,1334.9459838867188,1,
1025,41000.0,1800.5049133300781,1424.197497367859,1,
1026,41040.00000000001,,,0,no_hand
1027,41080.00000000001,1757.7254104614258,1524.3118286132812,1,
1028,41120.00000000001,1817.2060775756836,1269.257311820984,1,
1029,41160.00000000001,1775.855484008789,1002.3262310028076,1,
1030,41200.0,1723.5303497314453,978.4200239181519,1,
1031,41240.0,1679.2556762695312,953.021650314331,1,
1032,41280.0,1633.571891784668,933.7315034866333,1,
1033,41320.0,1600.1289367675781,933.2119488716125,1,
1034,41360.00000000001,1560.7015228271484,932.310791015625,1,
1035,41400.00000000001,1541.3624954223633,930.659236907959,1,
1036,41440.00000000001,1512.9360580444336,921.1177396774292,1,
1037,41480.00000000001,1495.0330352783203,923.2184886932373,1,
1038,41520.0,1492.257957458496,928.0921697616577,1,
1039,41560.0,1494.620475769043,928.1185626983643,1,
1040,41600.0,1497.9075622558594,921.7588949203491,1,
1041,41640.0,1497.2480392456055,926.8802189826965,1,
1042,41680.00000000001,1498.2635879516602,928.8584661483765,1,
1043,41720.00000000001,1502.691993713379,927.6952457427979,1,
1044,41760.00000000001,1504.4792175292969,923.4374856948853,1,
1045,41800.00000000001,1511.3282775878906,924.5754075050354,1,
1046,41840.0,1514.7478866577148,924.2212915420532,1,
1047,41880.0,1533.4032440185547,916.2095546722412,1,
1048,41920.0,1545.9879684448242,912.3057174682617,1,
1049,41960.0,1568.833236694336,911.803286075592,1,
1050,42000.0,1571.473617553711,910.4313039779663,1,
1051,42040.00000000001,1575.4736709594727,908.3669900894165,1,
1052,42080.00000000001,1628.3599090576172,943.4676647186279,1,
1053,42120.00000000001,1648.2802963256836,897.694137096405,1,
1054,42160.00000000001,1711.0596084594727,884.9225950241089,1,
1055,42200.0,,,0,no_hand
1056,42240.0,,,0,no_hand
1057,42280.0,,,0,no_hand
1058,42320.0,2068.6587524414062,1061.423556804657,1,
1059,42360.00000000001,2104.0958404541016,1117.8358840942383,1,
1060,42400.00000000001,2136.305694580078,1157.4894046783447,1,
1061,42440.00000000001,2152.1546173095703,1190.6621074676514,1,
1062,42480.00000000001,2174.0647888183594,1215.1680135726929,1,
1063,42520.0,2189.066162109375,1256.6429042816162,1,
1064,42560.0,2201.0941314697266,1276.526312828064,1,
1065,42600.0,2197.016830444336,1295.733675956726,1,
1066,42640.0,2193.3837890625,1315.0709438323975,1,
1067,42680.00000000001,2187.561721801758,1327.4460124969482,1,
1068,42720.00000000001,2183.7911224365234,1334.8330736160278,1,
1069,42760.00000000001,2180.0035858154297,1310.677227973938,1,
1070,42800.00000000001,2172.7198791503906,1258.2546758651733,1,
1071,42840.0,2126.0009765625,1145.3245782852173,1,
1072,42880.0,2012.1590423583984,1013.8872385025024,1,
1073,42920.0,1848.8175201416016,948.4695768356323,1,
1074,42960.0,1705.795555114746,915.761067867279,1,
1075,43000.0,1652.8611373901367,918.7747550010681,1,
1076,43040.00000000001,1622.0705795288086,916.3753151893616,1,
1077,43080.00000000001,1593.9896392822266,922.9545593261719,1,
1078,43120.00000000001,1566.9518280029297,927.7203512191772,1,
1079,43160.00000000001,1554.3066787719727,932.2545289993286,1,
1080,43200.0,1538.8972091674805,936.5254211425781,1,
1081,43240.0,1535.8312225341797,944.3244051933289,1,
1082,43280.0,1535.0030136108398,934.5943593978882,1,
1083,43320.0,1543.0310440063477,921.7028903961182,1,
1084,43360.00000000001,1548.3158111572266,925.8355093002319,1,
1085,43400.00000000001,1556.9059753417969,921.2171316146851,1,
1086,43440.00000000001,1551.1875915527344,923.4336233139038,1,
1087,43480.00000000001,1564.6862411499023,919.1498565673828,1,
1088,43520.0,1559.5830917358398,925.0690841674805,1,
1089,43560.0,1576.765365600586,914.6454191207886,1,
1090,43600.0,1641.4984130859375,915.6004571914673,1,
1091,43640.0,1720.4204177856445,943.4505414962769,1,
1092,43680.00000000001,1758.4705352783203,972.115523815155,1,
1093,43720.00000000001,,,0,no_hand
1094,43760.00000000001,1778.7605667114258,1318.4532308578491,1,
1095,43800.00000000001,1761.437873840332,1581.0145425796509,1,
1096,43840.0,1756.2367630004883,1472.9050827026367,1,
1097,43880.0,1894.690818786621,1348.4786081314087,1,
1098,43920.0,1904.3671417236328,1353.8628959655762,1,
1099,43960.0,2049.700241088867,1303.1453275680542,1,
1100,44000.00000000001,,,0,no_hand
1101,44040.00000000001,2076.0736083984375,1342.591953277588,1,
1102,44080.00000000001,2073.9111328125,1366.5051126480103,1,
1103,44120.00000000001,2077.3294830322266,1383.225359916687,1,
1104,44160.00000000001,2075.7211303710938,1397.802758216858,1,
1105,44200.0,2071.7001342773438,1375.392451286316,1,
1106,44240.0,2073.7255096435547,1357.987403869629,1,
1107,44280.0,2047.3764038085938,1298.9390659332275,1,
1108,44320.0,1776.6105651855469,1378.584065437317,1,
1109,44360.00000000001,1815.0022888183594,1260.3495025634766,1,
1110,44400.00000000001,,,0,no_hand
1111,44440.00000000001,1701.5986633300781,1204.3756198883057,1,
1112,44480.00000000001,1694.2652893066406,963.086371421814,1,
1113,44520.0,1650.2584075927734,942.3746752738953,1,
1114,44560.0,1622.164077758789,933.4230923652649,1,
1115,44600.0,1595.133934020996,928.3375597000122,1,
1116,44640.0,1582.7925109863281,923.7033462524414,1,
1117,44680.00000000001,1578.1475830078125,916.1214923858643,1,
1118,44720.00000000001,1581.6462707519531,928.4390759468079,1,
1119,44760.00000000001,1553.876953125,934.6664571762085,1,
1120,44800.00000000001,1542.4065399169922,934.0036725997925,1,
1121,44840.0,1528.7902450561523,936.2205505371094,1,
1122,44880.0,1535.5128479003906,946.8284511566162,1,
1123,44920.0,1508.899040222168,946.0376930236816,1,
1124,44960.0,1480.1724243164062,939.8533129692078,1,
1125,45000.00000000001,1498.9659118652344,938.6964654922485,1,
1126,45040.00000000001,1493.0427932739258,928.9671277999878,1,
1127,45080.00000000001,1504.7514724731445,935.6300568580627,1,
1128,45120.00000000001,1488.4764862060547,930.3735494613647,1,
1129,45160.00000000001,1515.6710815429688,930.3292608261108,1,
1130,45200.0,1572.1751403808594,963.5295796394348,1,
1131,45240.0,1658.001480102539,939.2043685913086,1,
1132,45280.0,1738.883399963379,947.3079013824463,1,
1133,45320.0,1744.5801544189453,1328.5497522354126,1,
1134,45360.00000000001,1840.8017349243164,1605.1009941101074,1,
1135,45400.00000000001,1917.6959609985352,1337.002830505371,1,
1136,45440.00000000001,2027.933349609375,1307.1510028839111,1,
1137,45480.00000000001,,,0,no_hand
1138,45520.0,2095.5409240722656,1436.6674518585205,1,
1139,45560.0,,,0,no_hand
1140,45600.0,2091.3961029052734,1410.6147909164429,1,
1141,45640.0,2079.817886352539,1452.5961685180664,1,
1142,45680.00000000001,2082.9794311523438,1478.0469417572021,1,
1143,45720.00000000001,2085.105514526367,1474.7775650024414,1,
1144,45760.00000000001,2096.415023803711,1458.9148950576782,1,
1145,45800.00000000001,2098.593521118164,1442.347469329834,1,
1146,45840.0,,,0,no_hand
1147,45880.0,2056.5106201171875,1275.6521272659302,1,
1148,45920.0,1869.8130798339844,1326.0856819152832,1,
1149,45960.0,,,0,no_hand
1150,46000.00000000001,1671.185073852539,1400.8248138427734,1,
1151,46040.00000000001,1770.7294464111328,981.5159797668457,1,
1152,46080.00000000001,1731.8822479248047,961.0645437240601,1,
1153,46120.00000000001,1677.0322036743164,960.008053779602,1,
1154,46160.00000000001,1624.8989868164062,940.34827709198,1,
1155,46200.0,1619.2326736450195,961.0695648193359,1,
1156,46240.0,1572.1259307861328,955.8660364151001,1,
1157,46280.0,1546.0569763183594,941.7385411262512,1,
1158,46320.0,1497.8887939453125,935.8273601531982,1,
1159,46360.00000000001,1504.6370315551758,931.5948987007141,1,
1160,46400.00000000001,1500.857162475586,940.9108972549438,1,
1161,46440.00000000001,1500.3606033325195,934.2840814590454,1,
1162,46480.00000000001,1503.6458587646484,938.2011795043945,1,
1163,46520.0,1505.8975982666016,937.9989194869995,1,
1164,46560.0,1513.776969909668,932.4443006515503,1,
1165,46600.0,1552.8911590576172,923.3995056152344,1,
1166,46640.0,1586.0532760620117,913.5942077636719,1,
1167,46680.00000000001,1646.4678955078125,899.4052362442017,1,
1168,46720.00000000001,1712.9528045654297,887.5437998771667,1,
1169,46760.00000000001,1756.2310409545898,886.9976592063904,1,
1170,46800.00000000001,,,0,no_hand
1171,46840.0,,,0,no_hand
1172,46880.0,,,0,no_hand
1173,46920.0,,,0,no_hand
1174,46960.0,,,0,no_hand
1175,47000.00000000001,,,0,no_hand
1176,47040.00000000001,2097.5404357910156,979.8134422302246,1,
1177,47080.00000000001,2119.4945526123047,999.2552518844604,1,
1178,47120.00000000001,2130.4344177246094,994.6897888183594,1,
1179,47160.00000000001,2156.8130493164062,1016.2789535522461,1,
1180,47200.0,2170.9291076660156,1029.1359186172485,1,
1181,47240.0,2174.3284606933594,1037.4464750289917,1,
1182,47280.0,2178.873825073242,1038.9978003501892,1,
1183,47320.00000000001,2188.0764770507812,1052.5834679603577,1,
1184,47360.00000000001,2194.5309448242188,1049.9211287498474,1,
1185,47400.00000000001,2196.214370727539,1060.4215908050537,1,
1186,47440.00000000001,2187.370834350586,1054.2408800125122,1,
1187,47480.00000000001,2185.086135864258,1049.331407546997,1,
1188,47520.0,2191.764450073242,1063.5068607330322,1,
1189,47560.0,2195.658187866211,1084.0306520462036,1,
1190,47600.0,2181.2791442871094,1095.4818391799927,1,
1191,47640.0,2179.9090576171875,1093.565583229065,1,
1192,47680.00000000001,2178.8795471191406,1077.0094227790833,1,
1193,47720.00000000001,2164.705581665039,1043.423252105713,1,
1194,47760.00000000001,2090.8497619628906,964.6761918067932,1,
1195,47800.00000000001,1931.458511352539,888.2425689697266,1,
1196,47840.0,,,0,no_hand
1197,47880.0,,,0,no_hand
1198,47920.0,,,0,no_hand
1199,47960.0,1628.8499450683594,989.8038125038147,1,
1200,48000.00000000001,1566.573257446289,903.4971714019775,1,
1201,48040.00000000001,1555.8385848999023,911.3974142074585,1,
1202,48080.00000000001,1562.4507522583008,926.7720079421997,1,
1203,48120.00000000001,1540.7283782958984,910.7395219802856,1,
1204,48160.00000000001,1545.868034362793,906.1145782470703,1,
1205,48200.0,1544.2682647705078,907.7685141563416,1,
1206,48240.0,1545.9680557250977,908.9016079902649,1,
1207,48280.0,1553.3212280273438,908.0147409439087,1,
1208,48320.00000000001,1562.2161483764648,906.0020542144775,1,
1209,48360.00000000001,1583.2387161254883,903.8040375709534,1,
1210,48400.00000000001,1616.920280456543,897.3380255699158,1,
1211,48440.00000000001,1621.6438293457031,904.7959613800049,1,
1212,48480.00000000001,1686.368522644043,900.8170652389526,1,
1213,48520.0,1696.7304611206055,893.7359690666199,1,
1214,48560.0,1696.227035522461,891.9083547592163,1,
1215,48600.0,1703.3403396606445,887.9185152053833,1,
1216,48640.0,1706.1664581298828,891.8867254257202,1,
1217,48680.00000000001,1704.4530487060547,891.2328243255615,1,
1218,48720.00000000001,1709.007339477539,888.8286209106445,1,
1219,48760.00000000001,1737.9864120483398,885.5717968940735,1,
1220,48800.00000000001,,,0,no_hand
1221,48840.0,,,0,no_hand
1222,48880.0,,,0,no_hand
1223,48920.0,2053.26416015625,1023.0000758171082,1,
1224,48960.0,2070.696487426758,1063.3542966842651,1,
1225,49000.00000000001,2100.34423828125,1090.1365613937378,1,
1226,49040.00000000001,2128.9100646972656,1102.8716039657593,1,
1227,49080.00000000001,2141.601104736328,1120.3667736053467,1,
1228,49120.00000000001,2156.0094451904297,1127.6007556915283,1,
1229,49160.00000000001,2166.415557861328,1142.6549005508423,1,
1230,49200.0,2188.319549560547,1153.8453769683838,1,
1231,49240.0,2192.9525756835938,1165.0843906402588,1,
1232,49280.0,2203.3200073242188,1182.2061967849731,1,
1233,49320.00000000001,2205.0746154785156,1194.634952545166,1,
1234,49360.00000000001,2203.623504638672,1208.197832107544,1,
1235,49400.00000000001,2198.645782470703,1220.1079988479614,1,
1236,49440.00000000001,2189.909133911133,1223.329610824585,1,
1237,49480.00000000001,2183.268356323242,1220.1481676101685,1,
1238,49520.0,2188.0716705322266,1212.5143003463745,1,
1239,49560.0,2189.9109649658203,1191.7268371582031,1,
1240,49600.0,2158.7747955322266,1118.3640003204346,1,
1241,49640.0,2081.377944946289,1055.9301567077637,1,
1242,49680.00000000001,1974.6764373779297,971.4423108100891,1,
1243,49720.00000000001,1848.9244079589844,959.3072891235352,1,
1244,49760.00000000001,,,0,no_hand
1245,49800.00000000001,1675.5960845947266,1019.7091341018677,1,
1246,49840.0,1612.1551895141602,940.9666442871094,1,
1247,49880.0,1560.5553817749023,949.5445418357849,1,
1248,49920.0,1522.2298049926758,955.0389719009399,1,
1249,49960.0,1498.2574081420898,951.7169380187988,1,
1250,50000.00000000001,1491.6073608398438,947.4560880661011,1,
1251,50040.00000000001,1496.5960693359375,938.694212436676,1,
1252,50080.00000000001,1523.8850784301758,921.4765548706055,1,
1253,50120.00000000001,1580.251579284668,905.2604126930237,1,
1254,50160.00000000001,1612.1488952636719,902.8974723815918,1,
1255,50200.0,1661.843490600586,903.9744329452515,1,
1256,50240.0,1695.9724044799805,901.4337587356567,1,
1257,50280.0,1710.4170227050781,900.4316639900208,1,
1258,50320.00000000001,1712.7803421020508,901.2542223930359,1,
1259,50360.00000000001,1720.0797271728516,899.6756029129028,1,
1260,50400.00000000001,1725.5414199829102,902.252197265625,1,
1261,50440.00000000001,1717.353286743164,898.8518857955933,1,
1262,50480.00000000001,1720.9329986572266,898.5394191741943,1,
1263,50520.0,1721.8573379516602,898.6676502227783,1,
1264,50560.0,1718.8921737670898,886.7487287521362,1,
1265,50600.0,1730.760383605957,884.3434953689575,1,
1266,50640.00000000001,1742.1652221679688,882.8324031829834,1,
1267,50680.00000000001,,,0,no_hand
1268,50720.00000000001,,,0,no_hand
1269,50760.00000000001,,,0,no_hand
1270,50800.00000000001,,,0,no_hand
1271,50840.0,,,0,no_hand
1272,50880.0,2174.593963623047,1039.4838166236877,1,
1273,50920.0,2194.863967895508,1087.5586795806885,1,
1274,50960.0,2190.4998779296875,1119.4019508361816,1,
1275,51000.00000000001,2191.4522552490234,1131.0272026062012,1,
1276,51040.00000000001,2198.2962799072266,1160.3865766525269,1,
1277,51080.00000000001,2204.5410919189453,1171.1425352096558,1,
1278,51120.00000000001,2203.5177612304688,1202.2838830947876,1,
1279,51160.00000000001,2204.648208618164,1212.3435831069946,1,
1280,51200.0,2193.148956298828,1214.5023965835571,1,
1281,51240.0,2190.6237030029297,1184.3655252456665,1,
1282,51280.0,2164.3231201171875,1131.8578720092773,1,
1283,51320.00000000001,2094.401321411133,1005.404999256134,1,
1284,51360.00000000001,1931.5296936035156,921.5296626091003,1,
1285,51400.00000000001,1744.482650756836,888.0933523178101,1,
1286,51440.00000000001,1683.0500793457031,880.5069923400879,1,
1287,51480.00000000001,1644.5708084106445,880.0746631622314,1,
1288,51520.0,1624.5430755615234,888.008508682251,1,
1289,51560.0,1603.0145645141602,895.0451874732971,1,
1290,51600.0,1580.115966796875,908.6639428138733,1,
1291,51640.00000000001,1584.4486999511719,909.6111917495728,1,
1292,51680.00000000001,1557.469253540039,915.4612827301025,1,
1293,51720.00000000001,1555.8423614501953,919.4936084747314,1,
1294,51760.00000000001,1552.5353622436523,923.8314485549927,1,
1295,51800.00000000001,1565.0143432617188,920.815315246582,1,
1296,51840.0,1599.0971374511719,936.4427661895752,1,
1297,51880.0,1573.707504272461,917.9254817962646,1,
1298,51920.0,1570.3213119506836,915.4629564285278,1,
1299,51960.0,1591.794776916504,912.9003310203552,1,
1300,52000.00000000001,1599.451675415039,905.6463932991028,1,
1301,52040.00000000001,1606.4192962646484,904.5055103302002,1,
1302,52080.00000000001,1607.6354598999023,896.6092586517334,1,
1303,52120.00000000001,1608.548240661621,896.6316604614258,1,
1304,52160.00000000001,1610.6937789916992,887.8601932525635,1,
1305,52200.0,1639.6211242675781,886.6037607192993,1,
1306,52240.0,1679.454460144043,855.9997987747192,1,
1307,52280.0,1729.8906326293945,860.139627456665,1,
1308,52320.00000000001,,,0,no_hand
1309,52360.00000000001,1888.0048370361328,875.0137209892273,1,
1310,52400.00000000001,1975.9957122802734,920.0347280502319,1,
1311,52440.00000000001,2031.3235473632812,949.7627019882202,1,
1312,52480.00000000001,2070.7928466796875,1002.6341915130615,1,
1313,52520.0,2101.571502685547,1052.6723670959473,1,
1314,52560.0,2121.5345764160156,1072.476725578308,1,
1315,52600.0,2139.829559326172,1087.3230743408203,1,
1316,52640.00000000001,2140.67138671875,1105.884132385254,1,
1317,52680.00000000001,2141.6658782958984,1124.906358718872,1,
1318,52720.00000000001,2153.456268310547,1140.7016944885254,1,
1319,52760.00000000001,2168.3692932128906,1150.7562446594238,1,
1320,52800.00000000001,2172.0320892333984,1166.0033798217773,1,
1321,52840.0,2170.0550079345703,1189.4482898712158,1,
1322,52880.0,2167.5647735595703,1192.4006938934326,1,
1323,52920.0,2164.889373779297,1183.7275886535645,1,
1324,52960.0,2145.1034545898438,1132.4755954742432,1,
1325,53000.00000000001,2092.437973022461,1064.9732780456543,1,
1326,53040.00000000001,1975.7466888427734,987.8756475448608,1,
1327,53080.00000000001,,,0,no_hand
1328,53120.00000000001,,,0,no_hand
1329,53160.00000000001,,,0,no_hand
1330,53200.0,,,0,no_hand
1331,53240.0,1634.0352630615234,964.7547268867493,1,
1332,53280.0,1591.603660583496,908.638322353363,1,
1333,53320.00000000001,1562.4104690551758,932.2413325309753,1,
1334,53360.00000000001,1560.567970275879,945.3095054626465,1,
1335,53400.00000000001,1563.3720016479492,946.1350250244141,1,
1336,53440.00000000001,1546.2319564819336,945.4127597808838,1,
1337,53480.00000000001,1538.6326217651367,953.282618522644,1,
1338,53520.0,1549.0918350219727,951.5458345413208,1,
1339,53560.0,1545.8410263061523,952.5106573104858,1,
1340,53600.0,1546.3566970825195,943.6056804656982,1,
1341,53640.00000000001,1546.410026550293,946.971230506897,1,
1342,53680.00000000001,1545.9457397460938,944.8499464988708,1,
1343,53720.00000000001,1547.2024154663086,946.3410186767578,1,
1344,53760.00000000001,1546.5022659301758,935.3533172607422,1,
1345,53800.00000000001,1551.5978622436523,939.3011856079102,1,
1346,53840.0,1559.114112854004,938.8656377792358,1,
1347,53880.0,1593.9311599731445,934.4351005554199,1,
1348,53920.0,1618.3101654052734,929.223461151123,1,
1349,53960.00000000001,1662.4314880371094,925.4093599319458,1,
1350,54000.00000000001,1730.8141708374023,928.2010889053345,1,
1351,54040.00000000001,,,0,no_hand
1352,54080.00000000001,,,0,no_hand
1353,54120.00000000001,,,0,no_hand
1354,54160.00000000001,2110.2115631103516,1263.382887840271,1,
1355,54200.0,2136.5210723876953,1322.074213027954,1,
1356,54240.0,2155.919723510742,1374.1500520706177,1,
1357,54280.0,2168.927993774414,1409.8784923553467,1,
1358,54320.00000000001,2163.5609436035156,1411.375937461853,1,
1359,54360.00000000001,2170.8380126953125,1411.458978652954,1,
1360,54400.00000000001,2163.2235717773438,1443.4570026397705,1,
1361,54440.00000000001,2171.678466796875,1442.147011756897,1,
1362,54480.00000000001,2175.897674560547,1445.6243133544922,1,
1363,54520.0,2170.7311248779297,1451.1305236816406,1,
1364,54560.0,2161.399383544922,1470.1634359359741,1,
1365,54600.0,2171.6578674316406,1469.9318218231201,1,
1366,54640.00000000001,2149.940414428711,1458.592128753662,1,
1367,54680.00000000001,2156.1099243164062,1435.10910987854,1,
1368,54720.00000000001,2164.3526458740234,1393.7074756622314,1,
1369,54760.00000000001,2137.145462036133,1302.8297710418701,1,
1370,54800.00000000001,2074.8143005371094,1178.517107963562,1,
1371,54840.0,1828.396224975586,1288.2721996307373,1,
1372,54880.0,,,0,no_hand
1373,54920.0,1682.4665451049805,991.2436437606812,1,
1374,54960.00000000001,1579.4451141357422,952.3776626586914,1,
1375,55000.00000000001,1549.1046524047852,955.748233795166,1,
1376,55040.00000000001,1552.107810974121,954.7127294540405,1,
1377,55080.00000000001,1553.3401107788086,966.4076972007751,1,
1378,55120.00000000001,1542.0357513427734,963.3598923683167,1,
1379,55160.00000000001,1534.7599411010742,959.0590667724609,1,
1380,55200.0,1537.7921676635742,961.5026664733887,1,
1381,55240.0,1539.6080017089844,966.3883209228516,1,
1382,55280.0,1541.8236923217773,969.3039679527283,1,
1383,55320.00000000001,1540.0499725341797,968.3822107315063,1,
1384,55360.00000000001,1539.7100830078125,966.7648386955261,1,
1385,55400.00000000001,1543.589859008789,964.523241519928,1,
1386,55440.00000000001,1539.1545867919922,967.519998550415,1,
1387,55480.00000000001,1541.872673034668,962.4453449249268,1,
1388,55520.0,1559.4197845458984,958.7335968017578,1,
1389,55560.0,1594.4939804077148,945.0648880004883,1,
1390,55600.0,1677.1403503417969,932.3309397697449,1,
1391,55640.00000000001,,,0,no_hand
1392,55680.00000000001,1737.172508239746,1311.1524295806885,1,
1393,55720.00000000001,,,0,no_hand
1394,55760.00000000001,,,0,no_hand
1395,55800.00000000001,,,0,no_hand
1396,55840.0,,,0,no_hand
1397,55880.0,,,0,no_hand
1398,55920.0,,,0,no_hand
1399,55960.00000000001,2107.9710388183594,1002.8652906417847,1,
1400,56000.00000000001,2115.883255004883,1003.8844442367554,1,
1401,56040.00000000001,2121.6856384277344,1017.6565361022949,1,
1402,56080.00000000001,2129.6106719970703,1029.1609597206116,1,
1403,56120.00000000001,2131.161117553711,1048.6344408988953,1,
1404,56160.00000000001,2134.977264404297,1059.285535812378,1,
1405,56200.0,2148.1471252441406,1055.833339691162,1,
1406,56240.0,2145.011444091797,1061.2055253982544,1,
1407,56280.0,2145.755081176758,1071.792311668396,1,
1408,56320.00000000001,2150.8978271484375,1082.3442077636719,1,
1409,56360.00000000001,2132.4952697753906,1089.944987297058,1,
1410,56400.00000000001,2133.5181427001953,1090.1516246795654,1,
1411,56440.00000000001,2128.9256286621094,1086.1754322052002,1,
1412,56480.00000000001,2124.9556732177734,1034.5970678329468,1,
1413,56520.0,,,0,no_hand
1414,56560.0,1992.3516082763672,935.6543254852295,1,
1415,56600.0,,,0,no_hand
1416,56640.00000000001,,,0,no_hand
1417,56680.00000000001,1718.888168334961,995.646243095398,1,
1418,56720.00000000001,1683.2575607299805,881.0612440109253,1,
1419,56760.00000000001,1630.7457733154297,905.1490473747253,1,
1420,56800.00000000001,1625.1482391357422,914.0334892272949,1,
1421,56840.0,1642.0873260498047,936.582841873169,1,
1422,56880.0,1617.5764846801758,941.5507650375366,1,
1423,56920.0,1589.9260711669922,946.7273855209351,1,
1424,56960.00000000001,1572.0761489868164,956.1942100524902,1,
1425,57000.00000000001,1565.6034851074219,956.3908052444458,1,
1426,57040.00000000001,1587.3315811157227,956.1348581314087,1,
1427,57080.00000000001,1589.5073318481445,955.3480911254883,1,
1428,57120.00000000001,1635.219383239746,956.7080354690552,1,
1429,57160.00000000001,1715.2193069458008,962.989296913147,1,
1430,57200.0,1721.5605926513672,991.0205268859863,1,
1431,57240.0,1730.2100372314453,987.8172612190247,1,
1432,57280.0,1721.1971282958984,986.2788105010986,1,
1433,57320.00000000001,1721.275291442871,985.0247597694397,1,
1434,57360.00000000001,1701.7509841918945,987.9406642913818,1,
1435,57400.00000000001,1697.618522644043,993.3687901496887,1,
1436,57440.00000000001,1683.1196594238281,975.7906436920166,1,
1437,57480.00000000001,1670.9152221679688,972.871584892273,1,
1438,57520.0,1655.807991027832,974.4742155075073,1,
1439,57560.0,1644.0313339233398,973.0256295204163,1,
1440,57600.0,1632.0798110961914,960.1537299156189,1,
1441,57640.00000000001,1640.0153732299805,965.4287123680115,1,
1442,57680.00000000001,1620.2006149291992,963.696756362915,1,
1443,57720.00000000001,1613.7547302246094,964.0434694290161,1,
1444,57760.00000000001,1613.6615753173828,963.451623916626,1,
1445,57800.00000000001,1614.0904998779297,966.2096214294434,1,
1446,57840.0,1618.6100006103516,973.2340693473816,1,
1447,57880.0,1615.9582901000977,968.3147478103638,1,
1448,57920.0,1611.8799591064453,968.5901355743408,1,
1449,57960.00000000001,1610.7548904418945,968.1493091583252,1,
1450,58000.00000000001,1608.6482620239258,968.3774471282959,1,
1451,58040.00000000001,1612.6116943359375,961.8276858329773,1,
1452,58080.00000000001,1607.3859786987305,966.2791442871094,1,
1453,58120.00000000001,1612.3741149902344,961.5329217910767,1,
1454,58160.00000000001,1604.7444534301758,961.6539430618286,1,
1455,58200.0,1601.4096450805664,965.7147860527039,1,
1456,58240.0,1599.4028091430664,965.2572226524353,1,
1457,58280.00000000001,1599.7434997558594,963.2279920578003,1,
1458,58320.00000000001,1598.5372924804688,965.4204082489014,1,
1459,58360.00000000001,1593.0410385131836,963.6454510688782,1,
1460,58400.00000000001,1591.5550231933594,964.575834274292,1,
1461,58440.00000000001,1581.2392044067383,962.6602220535278,1,
1462,58480.00000000001,1579.9242782592773,962.6496648788452,1,
1463,58520.0,1567.6143264770508,961.5297031402588,1,
1464,58560.0,1569.6733474731445,960.4665184020996,1,
1465,58600.0,1564.0057754516602,958.680682182312,1,
1466,58640.00000000001,1566.6206359863281,957.5108957290649,1,
1467,58680.00000000001,1565.694808959961,957.267050743103,1,
1468,58720.00000000001,1566.0997009277344,952.3073673248291,1,
1469,58760.00000000001,1564.5070266723633,950.1762342453003,1,
1470,58800.00000000001,1563.6349868774414,949.3617868423462,1,
1471,58840.0,1564.0570449829102,944.7076177597046,1,
1472,58880.0,1569.0007781982422,943.310272693634,1,
1473,58920.0,1570.525131225586,939.1768169403076,1,
1474,58960.00000000001,1559.879035949707,933.8428688049316,1,
1475,59000.00000000001,1557.7100372314453,930.4869103431702,1,
1476,59040.00000000001,1553.9126586914062,920.9083986282349,1,
1477,59080.00000000001,1559.7150421142578,920.581705570221,1,
1478,59120.00000000001,1550.9425735473633,909.19753074646,1,
1479,59160.00000000001,1575.7933044433594,900.5860948562622,1,
1480,59200.0,1577.2455596923828,903.9310455322266,1,
1481,59240.0,1578.2946395874023,906.1705827713013,1,
1482,59280.00000000001,1560.8740997314453,911.5766286849976,1,
1483,59320.00000000001,1573.502197265625,911.4863777160645,1,
1484,59360.00000000001,1570.3040313720703,903.9869213104248,1,
1485,59400.00000000001,1568.7211990356445,883.5625863075256,1,
1486,59440.00000000001,1569.3150329589844,891.0370016098022,1,
1487,59480.00000000001,1560.3543090820312,887.7499866485596,1,
1488,59520.0,1556.5530395507812,894.4485139846802,1,
1489,59560.0,1551.9502258300781,897.3755550384521,1,
1490,59600.0,1552.646598815918,896.5653562545776,1,
1491,59640.00000000001,1555.4961776733398,896.5008544921875,1,
1492,59680.00000000001,1558.3639526367188,897.5331401824951,1,
1493,59720.00000000001,1559.5466995239258,909.4046831130981,1,
1494,59760.00000000001,1555.8806991577148,907.4594593048096,1,
1495,59800.00000000001,1552.884407043457,911.5257096290588,1,
1496,59840.0,1551.1199569702148,917.9413819313049,1,
1497,59880.0,1539.6075439453125,923.6918234825134,1,
1498,59920.0,1556.004981994629,927.0646476745605,1,
1499,59960.00000000001,1549.8785018920898,920.642409324646,1,
